Id_data;Id_site;Etat;Biotope;Inventaire;Id_quadrats;Id_method;Regne;Famille;Genre;espece;Nom_sc;recouvrement;qmoy;Index
INSULAHE1;A1TR;degrade;FTF;quadrat;A1TRQ7;7;Plantae;Poaceae;Panicum;maximum;Panicum maximum;3;7;HE_001
INSULAHE2;A1TR;degrade;FTF;quadrat;A1TRQ2;2;Plantae;Fabaceae;Centrosema;pubescens;Centrosema pubescens;2;5;HE_001
INSULAHE3;A1TR;degrade;FTF;quadrat;A1TRQ2;2;Plantae;Convolvulaceae;Ipomoea;setifera;Ipomoea setifera;3;7;HE_001
INSULAHE4;A1TR;degrade;FTF;quadrat;A1TRQ2;2;Plantae;Asteraceae;Mikania;micrantha;Mikania micrantha;2;5;HE_001
INSULAHE5;A1TR;degrade;FTF;quadrat;A1TRQ3;3;Plantae;Poaceae;Panicum;maximum;Panicum maximum;3;7;HE_001
INSULAHE6;A1TR;degrade;FTF;quadrat;A1TRQ3;3;Plantae;Asteraceae;Mikania;micrantha;Mikania micrantha;4;8;HE_001
INSULAHE7;A1TR;degrade;FTF;quadrat;A1TRQ3;3;Plantae;Fabaceae;Centrosema;pubescens;Centrosema pubescens;2;5;HE_001
INSULAHE8;A1TR;degrade;FTF;quadrat;A1TRQ4;4;Plantae;Fabaceae;Centrosema;pubescens;Centrosema pubescens;2;5;HE_001
INSULAHE9;A1TR;degrade;FTF;quadrat;A1TRQ4;4;Plantae;Asteraceae;Mikania;micrantha;Mikania micrantha;2;5;HE_001
INSULAHE10;A1TR;degrade;FTF;quadrat;A1TRQ4;4;Plantae;Convolvulaceae;Ipomoea;setifera;Ipomoea setifera;2;5;HE_001
INSULAHE11;A1TR;degrade;FTF;quadrat;A1TRQ5;5;Plantae;Poaceae;Panicum;maximum;Panicum maximum;2;5;HE_001
INSULAHE12;A1TR;degrade;FTF;quadrat;A1TRQ5;5;Plantae;Asteraceae;Mikania;micrantha;Mikania micrantha;4;8;HE_001
INSULAHE13;A1TR;degrade;FTF;quadrat;A1TRQ5;5;Plantae;Fabaceae;Centrosema;pubescens;Centrosema pubescens;1;3;HE_001
INSULAHE14;A1TR;degrade;FTF;quadrat;A1TRQ5;5;Plantae;Convolvulaceae;Ipomoea;setifera;Ipomoea setifera;1;3;HE_001
INSULAHE15;A1TR;degrade;FTF;quadrat;A1TRQ6;6;Plantae;Poaceae;Panicum;maximum;Panicum maximum;2;5;HE_001
INSULAHE16;A1TR;degrade;FTF;quadrat;A1TRQ6;6;Plantae;Asteraceae;Mikania;micrantha;Mikania micrantha;2;5;HE_001
INSULAHE17;A1TR;degrade;FTF;quadrat;A1TRQ6;6;Plantae;Convolvulaceae;Ipomoea;setifera;Ipomoea setifera;2;5;HE_001
INSULAHE18;A1TR;degrade;FTF;quadrat;A1TRQ7;7;Plantae;Asteraceae;Mikania;micrantha;Mikania micrantha;2;5;HE_001
INSULAHE19;A1TR;degrade;FTF;quadrat;A1TRQ7;7;Plantae;Poaceae;Panicum;maximum;Panicum maximum;3;7;HE_001
INSULAHE20;A1TR;degrade;FTF;quadrat;A1TRQ7;7;Plantae;Fabaceae;Centrosema;pubescens;Centrosema pubescens;2;5;HE_001
INSULAHE21;A1TR;degrade;FTF;quadrat;A1TRQ8;8;Plantae;Asteraceae;Mikania;micrantha;Mikania micrantha;3;7;HE_001
INSULAHE22;A1TR;degrade;FTF;quadrat;A1TRQ8;8;Plantae;Poaceae;Panicum;maximum;Panicum maximum;2;5;HE_001
INSULAHE23;A1TR;degrade;FTF;quadrat;A1TRQ8;8;Plantae;Convolvulaceae;Ipomoea;setifera;Ipomoea setifera;2;5;HE_001
INSULAHE24;A1TR;degrade;FTF;quadrat;A1TRQ8;8;Plantae;Fabaceae;Centrosema;pubescens;Centrosema pubescens;2;5;HE_001
INSULAHE25;A1TR;degrade;FTF;quadrat;A1TRQ1;1;Plantae;Poaceae;Panicum;maximum;Panicum maximum;3;7;HE_001
INSULAHE26;A1TR;degrade;FTF;quadrat;A1TRQ1;1;Plantae;Convolvulaceae;Ipomoea;setifera;Ipomoea setifera;3;7;HE_001
INSULAHE27;A1TR;degrade;FTF;quadrat;A1TRQ1;1;Plantae;Asteraceae;Mikania;micrantha;Mikania micrantha;3;7;HE_001
INSULAHE28;A1ME;degrade;FTF;quadrat;A1MEQ1;1;Plantae;Fabaceae;Desmodium;adscendens;Desmodium adscendens;1;3;HE_002
INSULAHE29;A1ME;degrade;FTF;quadrat;A1MEQ1;1;Plantae;Convolvulaceae;Ipomoea;setifera;Ipomoea setifera;r;1;HE_002
INSULAHE30;A1ME;degrade;FTF;quadrat;A1MEQ1;1;Plantae;Commelinaceae;Commelina;diffusa;Commelina diffusa;1;3;HE_002
INSULAHE31;A1ME;degrade;FTF;quadrat;A1MEQ1;1;Plantae;Lamiaceae;Hyptis;atrorubens;Hyptis atrorubens;4;8;HE_002
INSULAHE32;A1ME;degrade;FTF;quadrat;A1MEQ2;2;Plantae;Commelinaceae;Commelina;diffusa;Commelina diffusa;1;3;HE_002
INSULAHE33;A1ME;degrade;FTF;quadrat;A1MEQ2;2;Plantae;Fabaceae;Desmodium;adscendens;Desmodium adscendens;r;1;HE_002
INSULAHE34;A1ME;degrade;FTF;quadrat;A1MEQ2;2;Plantae;Lamiaceae;Hyptis;atrorubens;Hyptis atrorubens;1;3;HE_002
INSULAHE35;A1ME;degrade;FTF;quadrat;A1MEQ2;2;Plantae;Cyperaceae;Cyperus;odoratus;Cyperus odoratus;1;3;HE_002
INSULAHE36;A1ME;degrade;FTF;quadrat;A1MEQ2;2;Plantae;Poaceae;Brachiaria;subquadripata;Brachiaria subquadripata;2;5;HE_002
INSULAHE37;A1ME;degrade;FTF;quadrat;A1MEQ3;3;Plantae;Fabaceae;Desmodium;adscendens;Desmodium adscendens;r;1;HE_002
INSULAHE38;A1ME;degrade;FTF;quadrat;A1MEQ3;3;Plantae;Lamiaceae;Hyptis;atrorubens;Hyptis atrorubens;3;7;HE_002
INSULAHE39;A1ME;degrade;FTF;quadrat;A1MEQ3;3;Plantae;Cyperaceae;Cyperus;odoratus;Cyperus odoratus;2;5;HE_002
INSULAHE40;A1ME;degrade;FTF;quadrat;A1MEQ3;3;Plantae;Poaceae;Brachiaria;subquadripata;Brachiaria subquadripata;2;5;HE_002
INSULAHE41;A1ME;degrade;FTF;quadrat;A1MEQ3;3;Plantae;Cyperaceae;Kyllinga;pumila;Kyllinga pumila;r;1;HE_002
INSULAHE42;A1ME;degrade;FTF;quadrat;A1MEQ4;4;Plantae;Poaceae;Brachiaria;subquadripata;Brachiaria subquadripata;2;5;HE_002
INSULAHE43;A1ME;degrade;FTF;quadrat;A1MEQ4;4;Plantae;Lamiaceae;Hyptis;atrorubens;Hyptis atrorubens;2;5;HE_002
INSULAHE44;A1ME;degrade;FTF;quadrat;A1MEQ4;4;Plantae;Cyperaceae;Kyllinga;pumila;Kyllinga pumila;1;3;HE_002
INSULAHE45;A1ME;degrade;FTF;quadrat;A1MEQ4;4;Plantae;Commelinaceae;Commelina;diffusa;Commelina diffusa;1;3;HE_002
INSULAHE46;A1ME;degrade;FTF;quadrat;A1MEQ5;5;Plantae;Poaceae;Brachiaria;subquadripata;Brachiaria subquadripata;3;7;HE_002
INSULAHE47;A1ME;degrade;FTF;quadrat;A1MEQ5;5;Plantae;Lamiaceae;Hyptis;atrorubens;Hyptis atrorubens;2;5;HE_002
INSULAHE48;A1ME;degrade;FTF;quadrat;A1MEQ5;5;Plantae;Commelinaceae;Commelina;diffusa;Commelina diffusa;1;3;HE_002
INSULAHE49;A1ME;degrade;FTF;quadrat;A1MEQ5;5;Plantae;Cyperaceae;Kyllinga;pumila;Kyllinga pumila;1;3;HE_002
INSULAHE50;A1ME;degrade;FTF;quadrat;A1MEQ6;6;Plantae;Fabaceae;Desmodium;adscendens;Desmodium adscendens;1;3;HE_002
INSULAHE51;A1ME;degrade;FTF;quadrat;A1MEQ6;6;Plantae;Lamiaceae;Hyptis;atrorubens;Hyptis atrorubens;2;5;HE_002
INSULAHE52;A1ME;degrade;FTF;quadrat;A1MEQ6;6;Plantae;Commelinaceae;Commelina;diffusa;Commelina diffusa;r;1;HE_002
INSULAHE53;A1ME;degrade;FTF;quadrat;A1MEQ7;7;Plantae;Poaceae;Brachiaria;subquadripata;Brachiaria subquadripata;3;7;HE_002
INSULAHE54;A1ME;degrade;FTF;quadrat;A1MEQ7;7;Plantae;Lamiaceae;Hyptis;atrorubens;Hyptis atrorubens;3;7;HE_002
INSULAHE55;A1ME;degrade;FTF;quadrat;A1MEQ7;7;Plantae;Fabaceae;Desmodium;adscendens;Desmodium adscendens;r;1;HE_002
INSULAHE56;A1ME;degrade;FTF;quadrat;A1MEQ7;7;Plantae;Commelinaceae;Commelina;diffusa;Commelina diffusa;1;3;HE_002
INSULAHE57;A1ME;degrade;FTF;quadrat;A1MEQ7;7;Plantae;Cyperaceae;Kyllinga;pumila;Kyllinga pumila;r;1;HE_002
INSULAHE58;A1ME;degrade;FTF;quadrat;A1MEQ8;8;Plantae;Poaceae;Saciolepis;indica;Saciolepis indica;2;5;HE_002
INSULAHE59;A1ME;degrade;FTF;quadrat;A1MEQ8;8;Plantae;Cyperaceae;Kyllinga;pumila;Kyllinga pumila;1;3;HE_002
INSULAHE60;A1ME;degrade;FTF;quadrat;A1MEQ8;8;Plantae;Fabaceae;Desmodium;adscendens;Desmodium adscendens;1;3;HE_002
INSULAHE61;A1ME;degrade;FTF;quadrat;A1MEQ8;8;Plantae;Lamiaceae;Hyptis;atrorubens;Hyptis atrorubens;3;7;HE_002
INSULAHE62;A1ME;degrade;FTF;quadrat;A1MEQ8;8;Plantae;Poaceae;Brachiaria;subquadripata;Brachiaria subquadripata;2;5;HE_002
INSULAHE63;A1TA;degrade;FTF;quadrat;A1TAQ1;1;Plantae;Poaceae;Panicum;maximum;Panicum maximum;2;5;HE_003
INSULAHE64;A1TA;degrade;FTF;quadrat;A1TAQ1;1;Plantae;Asteraceae;Mikania;micrantha;Mikania micrantha;3;7;HE_003
INSULAHE65;A1TA;degrade;FTF;quadrat;A1TAQ1;1;Plantae;Commelinaceae;Commelina;diffusa;Commelina diffusa;2;5;HE_003
INSULAHE66;A1TA;degrade;FTF;quadrat;A1TAQ1;1;Plantae;Convolvulaceae;Ipomoea;tiliacea;Ipomoea tiliacea;2;5;HE_003
INSULAHE67;A1TA;degrade;FTF;quadrat;A1TAQ1;1;Plantae;Fabaceae;Aeschynomene;americana;Aeschynomene americana;1;3;HE_003
INSULAHE68;A1TA;degrade;FTF;quadrat;A1TAQ1;1;Plantae;Fabaceae;Centrosema;pubescens;Centrosema pubescens;1;3;HE_003
INSULAHE69;A1TA;degrade;FTF;quadrat;A1TAQ2;2;Plantae;Asteraceae;Bidens;pilosa;Bidens pilosa;2;5;HE_003
INSULAHE70;A1TA;degrade;FTF;quadrat;A1TAQ2;2;Plantae;Commelinaceae;Commelina;diffusa;Commelina diffusa;2;5;HE_003
INSULAHE71;A1TA;degrade;FTF;quadrat;A1TAQ2;2;Plantae;Asteraceae;Mikania;micrantha;Mikania micrantha;2;5;HE_003
INSULAHE72;A1TA;degrade;FTF;quadrat;A1TAQ2;2;Plantae;Fabaceae;Aeschynomene;americana;Aeschynomene americana;1;3;HE_003
INSULAHE73;A1TA;degrade;FTF;quadrat;A1TAQ2;2;Plantae;Convolvulaceae;Ipomoea;tiliacea;Ipomoea tiliacea;1;3;HE_003
INSULAHE74;A1TA;degrade;FTF;quadrat;A1TAQ2;2;Plantae;Fabaceae;Centrosema;pubescens;Centrosema pubescens;1;3;HE_003
INSULAHE75;A1TA;degrade;FTF;quadrat;A1TAQ3;3;Plantae;Commelinaceae;Commelina;diffusa;Commelina diffusa;3;7;HE_003
INSULAHE76;A1TA;degrade;FTF;quadrat;A1TAQ3;3;Plantae;Asteraceae;Mikania;micrantha;Mikania micrantha;2;5;HE_003
INSULAHE77;A1TA;degrade;FTF;quadrat;A1TAQ3;3;Plantae;Asteraceae;Bidens;pilosa;Bidens pilosa;1;3;HE_003
INSULAHE78;A1TA;degrade;FTF;quadrat;A1TAQ3;3;Plantae;Fabaceae;Centrosema;pubescens;Centrosema pubescens;1;3;HE_003
INSULAHE79;A1TA;degrade;FTF;quadrat;A1TAQ4;4;Plantae;Commelinaceae;Commelina;diffusa;Commelina diffusa;4;8;HE_003
INSULAHE80;A1TA;degrade;FTF;quadrat;A1TAQ4;4;Plantae;Fabaceae;Calopogonium;mucunoides;Calopogonium mucunoides;2;5;HE_003
INSULAHE81;A1TA;degrade;FTF;quadrat;A1TAQ4;4;Plantae;Fabaceae;Centrosema;pubescens;Centrosema pubescens;1;3;HE_003
INSULAHE82;A1TA;degrade;FTF;quadrat;A1TAQ4;4;Plantae;Asteraceae;Mikania;micrantha;Mikania micrantha;r;1;HE_003
INSULAHE83;A1TA;degrade;FTF;quadrat;A1TAQ5;5;Plantae;Commelinaceae;Commelina;diffusa;Commelina diffusa;4;8;HE_003
INSULAHE84;A1TA;degrade;FTF;quadrat;A1TAQ5;5;Plantae;Asteraceae;Mikania;micrantha;Mikania micrantha;1;3;HE_003
INSULAHE85;A1TA;degrade;FTF;quadrat;A1TAQ5;5;Plantae;Cyperaceae;Fimbristylis;dichotoma;Fimbristylis dichotoma;1;3;HE_003
INSULAHE86;A1TA;degrade;FTF;quadrat;A1TAQ5;5;Plantae;Loganiaceae;Spigelia;anthelma;Spigelia anthelma;r;1;HE_003
INSULAHE87;A1TA;degrade;FTF;quadrat;A1TAQ6;6;Plantae;Commelinaceae;Commelina;diffusa;Commelina diffusa;3;7;HE_003
INSULAHE88;A1TA;degrade;FTF;quadrat;A1TAQ6;6;Plantae;Asteraceae;Mikania;micrantha;Mikania micrantha;3;7;HE_003
INSULAHE89;A1TA;degrade;FTF;quadrat;A1TAQ6;6;Plantae;Malvaceae;Sida;acuta;Sida acuta;1;3;HE_003
INSULAHE90;A1TA;degrade;FTF;quadrat;A1TAQ6;6;Plantae;Phyllanthaceae;Phyllanthus;amarus;Phyllanthus amarus;r;1;HE_003
INSULAHE91;A1TA;degrade;FTF;quadrat;A1TAQ6;6;Plantae;Fabaceae;Centrosema;pubescens;Centrosema pubescens;r;1;HE_003
INSULAHE92;A1TA;degrade;FTF;quadrat;A1TAQ6;6;Plantae;Fabaceae;Vigna;vespillata;Vigna vespillata;r;1;HE_003
INSULAHE93;A1TA;degrade;FTF;quadrat;A1TAQ6;6;Plantae;Cyperaceae;Fimbristylis;dichotoma;Fimbristylis dichotoma;1;3;HE_003
INSULAHE94;A1TA;degrade;FTF;quadrat;A1TAQ7;7;Plantae;Commelinaceae;Commelina;diffusa;Commelina diffusa;2;5;HE_003
INSULAHE95;A1TA;degrade;FTF;quadrat;A1TAQ7;7;Plantae;Asteraceae;Mikania;micrantha;Mikania micrantha;3;7;HE_003
INSULAHE96;A1TA;degrade;FTF;quadrat;A1TAQ7;7;Plantae;Fabaceae;Calopogonium;mucunoides;Calopogonium mucunoides;2;5;HE_003
INSULAHE97;A1TA;degrade;FTF;quadrat;A1TAQ7;7;Plantae;Poaceae;Panicum;maximum;Panicum maximum;3;7;HE_003
INSULAHE98;A1TA;degrade;FTF;quadrat;A1TAQ8;8;Plantae;Convolvulaceae;Ipomoea;tiliacea;Ipomoea tiliacea;1;3;HE_003
INSULAHE99;A1TA;degrade;FTF;quadrat;A1TAQ8;8;Plantae;Asteraceae;Mikania;micrantha;Mikania micrantha;2;5;HE_003
INSULAHE100;A1TA;degrade;FTF;quadrat;A1TAQ8;8;Plantae;Commelinaceae;Commelina;diffusa;Commelina diffusa;3;7;HE_003
INSULAHE101;A1TA;degrade;FTF;quadrat;A1TAQ8;8;Plantae;Asteraceae;Bidens;pilosa;Bidens pilosa;1;3;HE_003
INSULAHE102;A1TA;degrade;FTF;quadrat;A1TAQ8;8;Plantae;Fabaceae;Calopogonium;mucunoides;Calopogonium mucunoides;3;7;HE_003
INSULAHE103;A1TA;degrade;FTF;quadrat;A1TAQ8;8;Plantae;Fabaceae;Centrosema;pubescens;Centrosema pubescens;2;5;HE_003
INSULAHE104;A1SO;degrade;FTF;quadrat;A1SOQ1;1;Plantae;Poaceae;Homolepis;aturensis;Homolepis aturensis;4;8;HE_004
INSULAHE105;A1SO;degrade;FTF;quadrat;A1SOQ1;1;Plantae;Apiaceae;Centella;erecta;Centella erecta;2;5;HE_004
INSULAHE106;A1SO;degrade;FTF;quadrat;A1SOQ1;1;Plantae;Fabaceae;Desmodium;adscendens;Desmodium adscendens;1;3;HE_004
INSULAHE107;A1SO;degrade;FTF;quadrat;A1SOQ1;1;Plantae;Asteraceae;Sphagneticola;trilobata;Sphagneticola trilobata;2;5;HE_004
INSULAHE108;A1SO;degrade;FTF;quadrat;A1SOQ2;2;Plantae;Poaceae;Homolepis;aturensis;Homolepis aturensis;4;8;HE_004
INSULAHE109;A1SO;degrade;FTF;quadrat;A1SOQ2;2;Plantae;Apiaceae;Centella;erecta;Centella erecta;2;5;HE_004
INSULAHE110;A1SO;degrade;FTF;quadrat;A1SOQ2;2;Plantae;Fabaceae;Centrosema;pubescens;Centrosema pubescens;1;3;HE_004
INSULAHE111;A1SO;degrade;FTF;quadrat;A1SOQ2;2;Plantae;Lamiaceae;Hyptis;atrorubens;Hyptis atrorubens;1;3;HE_004
INSULAHE112;A1SO;degrade;FTF;quadrat;A1SOQ2;2;Plantae;Poaceae;Paspalum;melanospermum;Paspalum melanospermum;2;5;HE_004
INSULAHE113;A1SO;degrade;FTF;quadrat;A1SOQ3;3;Plantae;Convolvulaceae;Ipomoea;setifera;Ipomoea setifera;1;3;HE_004
INSULAHE114;A1SO;degrade;FTF;quadrat;A1SOQ3;3;Plantae;Apiaceae;Centella;erecta;Centella erecta;2;5;HE_004
INSULAHE115;A1SO;degrade;FTF;quadrat;A1SOQ3;3;Plantae;Asteraceae;Sphagneticola;trilobata;Sphagneticola trilobata;2;5;HE_004
INSULAHE116;A1SO;degrade;FTF;quadrat;A1SOQ3;3;Plantae;Poaceae;Paspalum;dilatatum;Paspalum dilatatum;1;3;HE_004
INSULAHE117;A1SO;degrade;FTF;quadrat;A1SOQ4;4;Plantae;Apiaceae;Centella;erecta;Centella erecta;1;3;HE_004
INSULAHE118;A1SO;degrade;FTF;quadrat;A1SOQ4;4;Plantae;Convolvulaceae;Ipomoea;setifera;Ipomoea setifera;2;5;HE_004
INSULAHE119;A1SO;degrade;FTF;quadrat;A1SOQ4;4;Plantae;Asteraceae;Sphagneticola;trilobata;Sphagneticola trilobata;2;5;HE_004
INSULAHE120;A1SO;degrade;FTF;quadrat;A1SOQ4;4;Plantae;Poaceae;Homolepis;aturensis;Homolepis aturensis;3;7;HE_004
INSULAHE121;A1SO;degrade;FTF;quadrat;A1SOQ5;5;Plantae;Poaceae;Homolepis;aturensis;Homolepis aturensis;3;7;HE_004
INSULAHE122;A1SO;degrade;FTF;quadrat;A1SOQ5;5;Plantae;Fabaceae;Centrosema;pubescens;Centrosema pubescens;2;5;HE_004
INSULAHE123;A1SO;degrade;FTF;quadrat;A1SOQ5;5;Plantae;Asteraceae;Sphagneticola;trilobata;Sphagneticola trilobata;1;3;HE_004
INSULAHE124;A1SO;degrade;FTF;quadrat;A1SOQ5;5;Plantae;Lamiaceae;Hyptis;atrorubens;Hyptis atrorubens;1;3;HE_004
INSULAHE125;A1SO;degrade;FTF;quadrat;A1SOQ6;6;Plantae;Lamiaceae;Hyptis;atrorubens;Hyptis atrorubens;1;3;HE_004
INSULAHE126;A1SO;degrade;FTF;quadrat;A1SOQ6;6;Plantae;Poaceae;Paspalum;dilatatum;Paspalum dilatatum;1;3;HE_004
INSULAHE127;A1SO;degrade;FTF;quadrat;A1SOQ6;6;Plantae;Asteraceae;Sphagneticola;trilobata;Sphagneticola trilobata;2;5;HE_004
INSULAHE128;A1SO;degrade;FTF;quadrat;A1SOQ6;6;Plantae;Poaceae;Paspalum;dilatatum;Paspalum dilatatum;1;3;HE_004
INSULAHE129;A1SO;degrade;FTF;quadrat;A1SOQ6;6;Plantae;Fabaceae;Centrosema;pubescens;Centrosema pubescens;1;3;HE_004
INSULAHE130;A1SO;degrade;FTF;quadrat;A1SOQ6;6;Plantae;Apiaceae;Centella;erecta;Centella erecta;1;3;HE_004
INSULAHE131;A1SO;degrade;FTF;quadrat;A1SOQ7;7;Plantae;Convolvulaceae;Ipomoea;setifera;Ipomoea setifera;2;5;HE_004
INSULAHE132;A1SO;degrade;FTF;quadrat;A1SOQ7;7;Plantae;Poaceae;Homolepis;aturensis;Homolepis aturensis;5;9;HE_004
INSULAHE133;A1SO;degrade;FTF;quadrat;A1SOQ7;7;Plantae;Asteraceae;Sphagneticola;trilobata;Sphagneticola trilobata;2;5;HE_004
INSULAHE134;A1SO;degrade;FTF;quadrat;A1SOQ7;7;Plantae;Lamiaceae;Hyptis;atrorubens;Hyptis atrorubens;1;3;HE_004
INSULAHE135;A1SO;degrade;FTF;quadrat;A1SOQ7;7;Plantae;Apiaceae;Centella;erecta;Centella erecta;1;3;HE_004
INSULAHE136;A1SO;degrade;FTF;quadrat;A1SOQ7;7;Plantae;Melastomataceae;Clidemia;hirta;Clidemia hirta;2;5;HE_004
INSULAHE137;A1SO;degrade;FTF;quadrat;A1SOQ8;8;Plantae;Melastomataceae;Pterolepis;glomerata;Pterolepis glomerata;2;5;HE_004
INSULAHE138;A1SO;degrade;FTF;quadrat;A1SOQ8;8;Plantae;Apiaceae;Centella;erecta;Centella erecta;2;5;HE_004
INSULAHE139;A1SO;degrade;FTF;quadrat;A1SOQ8;8;Plantae;Asteraceae;Sphagneticola;trilobata;Sphagneticola trilobata;2;5;HE_004
INSULAHE140;A1SO;degrade;FTF;quadrat;A1SOQ8;8;Plantae;Fabaceae;Desmodium;adscendens;Desmodium adscendens;1;3;HE_004
INSULAHE141;A1SO;degrade;FTF;quadrat;A1SOQ8;8;Plantae;Poaceae;Homolepis;aturensis;Homolepis aturensis;4;8;HE_004
INSULAHE142;A1SO;degrade;FTF;quadrat;A1SOQ8;8;Plantae;Poaceae;Paspalum;dilatatum;Paspalum dilatatum;r;1;HE_004
INSULAHE143;A1CH;degrade;FTF;quadrat;A1CHQ1;1;Plantae;Poaceae;Homolepis;aturensis;Homolepis aturensis;5;9;HE_005
INSULAHE144;A1CH;degrade;FTF;quadrat;A1CHQ1;1;Plantae;Convolvulaceae;Ipomoea;setifera;Ipomoea setifera;1;3;HE_005
INSULAHE145;A1CH;degrade;FTF;quadrat;A1CHQ1;1;Plantae;Melastomataceae;Clidemia;hirta;Clidemia hirta;1;3;HE_005
INSULAHE146;A1CH;degrade;FTF;quadrat;A1CHQ2;2;Plantae;Poaceae;Homolepis;aturensis;Homolepis aturensis;5;9;HE_005
INSULAHE147;A1CH;degrade;FTF;quadrat;A1CHQ2;2;Plantae;Convolvulaceae;Ipomoea;setifera;Ipomoea setifera;1;3;HE_005
INSULAHE148;A1CH;degrade;FTF;quadrat;A1CHQ3;3;Plantae;Convolvulaceae;Ipomoea;setifera;Ipomoea setifera;2;5;HE_005
INSULAHE149;A1CH;degrade;FTF;quadrat;A1CHQ3;3;Plantae;Poaceae;Homolepis;aturensis;Homolepis aturensis;5;9;HE_005
INSULAHE150;A1CH;degrade;FTF;quadrat;A1CHQ4;4;Plantae;Melastomataceae;Clidemia;hirta;Clidemia hirta;4;8;HE_005
INSULAHE151;A1CH;degrade;FTF;quadrat;A1CHQ4;4;Plantae;Convolvulaceae;Ipomoea;setifera;Ipomoea setifera;3;7;HE_005
INSULAHE152;A1CH;degrade;FTF;quadrat;A1CHQ4;4;Plantae;Poaceae;Homolepis;aturensis;Homolepis aturensis;4;8;HE_005
INSULAHE153;A1CH;degrade;FTF;quadrat;A1CHQ4;4;Plantae;Rubiaceae;Spermacoce;latifolia;Spermacoce latifolia;2;5;HE_005
INSULAHE154;A1CH;degrade;FTF;quadrat;A1CHQ5;5;Plantae;Poaceae;Homolepis;aturensis;Homolepis aturensis;5;9;HE_005
INSULAHE155;A1CH;degrade;FTF;quadrat;A1CHQ5;5;Plantae;Convolvulaceae;Ipomoea;setifera;Ipomoea setifera;3;7;HE_005
INSULAHE156;A1CH;degrade;FTF;quadrat;A1CHQ6;6;Plantae;Poaceae;Homolepis;aturensis;Homolepis aturensis;4;8;HE_005
INSULAHE157;A1CH;degrade;FTF;quadrat;A1CHQ6;6;Plantae;Fabaceae;Centrosema;pubescens;Centrosema pubescens;1;3;HE_005
INSULAHE158;A1CH;degrade;FTF;quadrat;A1CHQ7;7;Plantae;Poaceae;Homolepis;aturensis;Homolepis aturensis;5;9;HE_005
INSULAHE159;A1CH;degrade;FTF;quadrat;A1CHQ7;7;Plantae;Convolvulaceae;Ipomoea;setifera;Ipomoea setifera;1;3;HE_005
INSULAHE160;A1CH;degrade;FTF;quadrat;A1CHQ7;7;Plantae;Lamiaceae;Hyptis;atrorubens;Hyptis atrorubens;1;3;HE_005
INSULAHE161;A1CH;degrade;FTF;quadrat;A1CHQ8;8;Plantae;Poaceae;Homolepis;aturensis;Homolepis aturensis;4;8;HE_005
INSULAHE162;A1CH;degrade;FTF;quadrat;A1CHQ8;8;Plantae;Convolvulaceae;Ipomoea;setifera;Ipomoea setifera;1;3;HE_005
INSULAHE163;A1CH;degrade;FTF;quadrat;A1CHQ8;8;Plantae;Melastomataceae;Clidemia;hirta;Clidemia hirta;3;7;HE_005
INSULAHE164;A1CH;degrade;FTF;quadrat;A1CHQ8;8;Plantae;Lamiaceae;Hyptis;atrorubens;Hyptis atrorubens;1;3;HE_005
INSULAHE165;A1CH;degrade;FTF;quadrat;A1CHQ8;8;Plantae;Passifloraceae;Passiflora ;edulis;Passiflora  edulis;1;3;HE_005
INSULAHE166;A1MO;degrade;FTF;quadrat;A1MOQ1;1;Plantae;Poaceae;Axonopus;compressus;Axonopus compressus;5;9;HE_006
INSULAHE167;A1MO;degrade;FTF;quadrat;A1MOQ1;1;Plantae;Lamiaceae;Hyptis;atrorubens;Hyptis atrorubens;2;5;HE_006
INSULAHE168;A1MO;degrade;FTF;quadrat;A1MOQ1;1;Plantae;Fabaceae;Desmodium;adscendens;Desmodium adscendens;2;5;HE_006
INSULAHE169;A1MO;degrade;FTF;quadrat;A1MOQ1;1;Plantae;Commelinaceae;Commelina;diffusa;Commelina diffusa;2;5;HE_006
INSULAHE170;A1MO;degrade;FTF;quadrat;A1MOQ1;1;Plantae;Lythraceae;Cuphea;carthagenensis;Cuphea carthagenensis;2;5;HE_006
INSULAHE171;A1MO;degrade;FTF;quadrat;A1MOQ2;2;Plantae;Poaceae;Axonopus;compressus;Axonopus compressus;5;9;HE_006
INSULAHE172;A1MO;degrade;FTF;quadrat;A1MOQ2;2;Plantae;Lamiaceae;Hyptis;atrorubens;Hyptis atrorubens;1;3;HE_006
INSULAHE173;A1MO;degrade;FTF;quadrat;A1MOQ2;2;Plantae;Commelinaceae;Commelina;diffusa;Commelina diffusa;2;5;HE_006
INSULAHE174;A1MO;degrade;FTF;quadrat;A1MOQ2;2;Plantae;Fabaceae;Desmodium;adscendens;Desmodium adscendens;1;3;HE_006
INSULAHE175;A1MO;degrade;FTF;quadrat;A1MOQ2;2;Plantae;Melastomataceae;Pterolepis;glomerata;Pterolepis glomerata;r;1;HE_006
INSULAHE176;A1MO;degrade;FTF;quadrat;A1MOQ3;3;Plantae;Poaceae;Axonopus;compressus;Axonopus compressus;5;9;HE_006
INSULAHE177;A1MO;degrade;FTF;quadrat;A1MOQ3;3;Plantae;Lamiaceae;Hyptis;atrorubens;Hyptis atrorubens;1;3;HE_006
INSULAHE178;A1MO;degrade;FTF;quadrat;A1MOQ3;3;Plantae;Melastomataceae;Pterolepis;glomerata;Pterolepis glomerata;r;1;HE_006
INSULAHE179;A1MO;degrade;FTF;quadrat;A1MOQ3;3;Plantae;Fabaceae;Desmodium;adscendens;Desmodium adscendens;2;5;HE_006
INSULAHE180;A1MO;degrade;FTF;quadrat;A1MOQ4;4;Plantae;Poaceae;Axonopus;compressus;Axonopus compressus;4;8;HE_006
INSULAHE181;A1MO;degrade;FTF;quadrat;A1MOQ4;4;Plantae;Lamiaceae;Hyptis;atrorubens;Hyptis atrorubens;3;7;HE_006
INSULAHE182;A1MO;degrade;FTF;quadrat;A1MOQ4;4;Plantae;Commelinaceae;Commelina;diffusa;Commelina diffusa;2;5;HE_006
INSULAHE183;A1MO;degrade;FTF;quadrat;A1MOQ4;4;Plantae;Fabaceae;Desmodium;adscendens;Desmodium adscendens;r;1;HE_006
INSULAHE184;A1MO;degrade;FTF;quadrat;A1MOQ4;4;Plantae;Cyperaceae;Kyllinga;pumila;Kyllinga pumila;r;1;HE_006
INSULAHE185;A1MO;degrade;FTF;quadrat;A1MOQ5;5;Plantae;Poaceae;Axonopus;compressus;Axonopus compressus;4;8;HE_006
INSULAHE186;A1MO;degrade;FTF;quadrat;A1MOQ5;5;Plantae;Fabaceae;Desmodium;adscendens;Desmodium adscendens;3;7;HE_006
INSULAHE187;A1MO;degrade;FTF;quadrat;A1MOQ5;5;Plantae;Lamiaceae;Hyptis;atrorubens;Hyptis atrorubens;1;3;HE_006
INSULAHE188;A1MO;degrade;FTF;quadrat;A1MOQ5;5;Plantae;Cyperaceae;Kyllinga;pumila;Kyllinga pumila;r;1;HE_006
INSULAHE189;A1MO;degrade;FTF;quadrat;A1MOQ6;6;Plantae;Poaceae;Axonopus;compressus;Axonopus compressus;5;9;HE_006
INSULAHE190;A1MO;degrade;FTF;quadrat;A1MOQ6;6;Plantae;Lamiaceae;Hyptis;atrorubens;Hyptis atrorubens;3;7;HE_006
INSULAHE191;A1MO;degrade;FTF;quadrat;A1MOQ6;6;Plantae;Commelinaceae;Commelina;diffusa;Commelina diffusa;1;3;HE_006
INSULAHE192;A1MO;degrade;FTF;quadrat;A1MOQ6;6;Plantae;Cyperaceae;Kyllinga;pumila;Kyllinga pumila;1;3;HE_006
INSULAHE193;A1MO;degrade;FTF;quadrat;A1MOQ6;6;Plantae;Fabaceae;Desmodium;adscendens;Desmodium adscendens;2;5;HE_006
INSULAHE194;A1MO;degrade;FTF;quadrat;A1MOQ7;7;Plantae;Poaceae;Axonopus;compressus;Axonopus compressus;5;9;HE_006
INSULAHE195;A1MO;degrade;FTF;quadrat;A1MOQ7;7;Plantae;Cyperaceae;Kyllinga;pumila;Kyllinga pumila;r;1;HE_006
INSULAHE196;A1MO;degrade;FTF;quadrat;A1MOQ7;7;Plantae;Poaceae;Panicum;laxum;Panicum laxum;1;3;HE_006
INSULAHE197;A1MO;degrade;FTF;quadrat;A1MOQ8;8;Plantae;Lamiaceae;Hyptis;atrorubens;Hyptis atrorubens;2;5;HE_006
INSULAHE198;A1MO;degrade;FTF;quadrat;A1MOQ8;8;Plantae;Cyperaceae;Kyllinga;pumila;Kyllinga pumila;1;3;HE_006
INSULAHE199;A1MO;degrade;FTF;quadrat;A1MOQ8;8;Plantae;Poaceae;Axonopus;compressus;Axonopus compressus;5;9;HE_006
INSULAHE200;A1MO;degrade;FTF;quadrat;A1MOQ8;8;Plantae;Onagraceae;Ludwigia;nodiflora;Ludwigia nodiflora;r;1;HE_006
INSULAHE201;B1BPR;degrade;FM;quadrat;B1BPRQ1;1;Plantae;Commelinaceae;Commelina;diffusa;Commelina diffusa;1;3;HE_007
INSULAHE202;B1BPR;degrade;FM;quadrat;B1BPRQ1;1;Plantae;Poaceae;Brachiaria;mutica;Brachiaria mutica;5;9;HE_007
INSULAHE203;B1BPR;degrade;FM;quadrat;B1BPRQ2;2;Plantae;Polygonaceae;Polygonum;punctatum;Polygonum punctatum;2;5;HE_007
INSULAHE204;B1BPR;degrade;FM;quadrat;B1BPRQ2;2;Plantae;Commelinaceae;Commelina;diffusa;Commelina diffusa;1;3;HE_007
INSULAHE205;B1BPR;degrade;FM;quadrat;B1BPRQ2;2;Plantae;Poaceae;Brachiaria;mutica;Brachiaria mutica;5;9;HE_007
INSULAHE206;B1BPR;degrade;FM;quadrat;B1BPRQ2;2;Plantae;Poaceae;Hymenachne;amplexicaulis;Hymenachne amplexicaulis;2;5;HE_007
INSULAHE207;B1BPR;degrade;FM;quadrat;B1BPRQ3;3;Plantae;Commelinaceae;Commelina;diffusa;Commelina diffusa;2;5;HE_007
INSULAHE208;B1BPR;degrade;FM;quadrat;B1BPRQ3;3;Plantae;Poaceae;Brachiaria;mutica;Brachiaria mutica;5;9;HE_007
INSULAHE209;B1BPR;degrade;FM;quadrat;B1BPRQ3;3;Plantae;Polygonaceae;Polygonum;punctatum;Polygonum punctatum;2;5;HE_007
INSULAHE210;B1BPR;degrade;FM;quadrat;B1BPRQ4;4;Plantae;Commelinaceae;Commelina;diffusa;Commelina diffusa;2;5;HE_007
INSULAHE211;B1BPR;degrade;FM;quadrat;B1BPRQ4;4;Plantae;Poaceae;Brachiaria;mutica;Brachiaria mutica;4;8;HE_007
INSULAHE212;B1BPR;degrade;FM;quadrat;B1BPRQ4;4;Plantae;Polygonaceae;Polygonum;punctatum;Polygonum punctatum;2;5;HE_007
INSULAHE213;B1BPR;degrade;FM;quadrat;B1BPRQ5;5;Plantae;Poaceae;Brachiaria;mutica;Brachiaria mutica;3;7;HE_007
INSULAHE214;B1BPR;degrade;FM;quadrat;B1BPRQ5;5;Plantae;Polygonaceae;Polygonum;punctatum;Polygonum punctatum;1;3;HE_007
INSULAHE215;B1BPR;degrade;FM;quadrat;B1BPRQ5;5;Plantae;Commelinaceae;Commelina;diffusa;Commelina diffusa;1;3;HE_007
INSULAHE216;B1BPR;degrade;FM;quadrat;B1BPRQ5;5;Plantae;Poaceae;Hymenachne;amplexicaulis;Hymenachne amplexicaulis;2;5;HE_007
INSULAHE217;B1BPR;degrade;FM;quadrat;B1BPRQ6;6;Plantae;Commelinaceae;Commelina;diffusa;Commelina diffusa;3;7;HE_007
INSULAHE218;B1BPR;degrade;FM;quadrat;B1BPRQ6;6;Plantae;Poaceae;Hymenachne;amplexicaulis;Hymenachne amplexicaulis;2;5;HE_007
INSULAHE219;B1BPR;degrade;FM;quadrat;B1BPRQ6;6;Plantae;Poaceae;Brachiaria;mutica;Brachiaria mutica;2;5;HE_007
INSULAHE220;B1BPR;degrade;FM;quadrat;B1BPRQ7;7;Plantae;Poaceae;Hymenachne;amplexicaulis;Hymenachne amplexicaulis;3;7;HE_007
INSULAHE221;B1BPR;degrade;FM;quadrat;B1BPRQ7;7;Plantae;Poaceae;Echinochloa;pyramidalis;Echinochloa pyramidalis;3;7;HE_007
INSULAHE222;B1BPR;degrade;FM;quadrat;B1BPRQ7;7;Plantae;Commelinaceae;Commelina;diffusa;Commelina diffusa;3;7;HE_007
INSULAHE223;B1BPR;degrade;FM;quadrat;B1BPRQ7;7;Plantae;Fabaceae;Aeschynomenes;sensitiva;Aeschynomenes sensitiva;1;3;HE_007
INSULAHE224;B1BPR;degrade;FM;quadrat;B1BPRQ8;8;Plantae;Poaceae;Hymenachne;amplexicaulis;Hymenachne amplexicaulis;5;9;HE_007
INSULAHE225;B1BPR;degrade;FM;quadrat;B1BPRQ8;8;Plantae;Poaceae;Echinochloa;pyramidalis;Echinochloa pyramidalis;3;7;HE_007
INSULAHE226;B1BPR;degrade;FM;quadrat;B1BPRQ8;8;Plantae;Commelinaceae;Commelina;diffusa;Commelina diffusa;2;5;HE_007
INSULAHE227;B1GO;degrade;FM;quadrat;B1GOQ1;1;Plantae;Poaceae;Echinochloa;pyramidalis;Echinochloa pyramidalis;4;8;HE_008
INSULAHE228;B1GO;degrade;FM;quadrat;B1GOQ1;1;Plantae;Poaceae;Hymenachne;amplexicaulis;Hymenachne amplexicaulis;3;7;HE_008
INSULAHE229;B1GO;degrade;FM;quadrat;B1GOQ2;2;Plantae;Rubiaceae;Pentodon;pentandrus;Pentodon pentandrus;3;7;HE_008
INSULAHE230;B1GO;degrade;FM;quadrat;B1GOQ2;2;Plantae;Poaceae;Echinochloa;pyramidalis;Echinochloa pyramidalis;5;9;HE_008
INSULAHE231;B1GO;degrade;FM;quadrat;B1GOQ3;3;Plantae;Poaceae;Hymenachne;amplexicaulis;Hymenachne amplexicaulis;3;7;HE_008
INSULAHE232;B1GO;degrade;FM;quadrat;B1GOQ3;3;Plantae;Poaceae;Echinochloa;pyramidalis;Echinochloa pyramidalis;4;8;HE_008
INSULAHE233;B1GO;degrade;FM;quadrat;B1GOQ4;4;Plantae;Poaceae;Echinochloa;pyramidalis;Echinochloa pyramidalis;4;8;HE_008
INSULAHE234;B1GO;degrade;FM;quadrat;B1GOQ4;4;Plantae;Cyperaceae;Eleocharis;mutata;Eleocharis mutata;2;5;HE_008
INSULAHE235;B1GO;degrade;FM;quadrat;B1GOQ5;5;Plantae;Poaceae;Echinochloa;pyramidalis;Echinochloa pyramidalis;4;8;HE_008
INSULAHE236;B1GO;degrade;FM;quadrat;B1GOQ5;5;Plantae;Cyperaceae;Eleocharis;mutata;Eleocharis mutata;2;5;HE_008
INSULAHE237;B1GO;degrade;FM;quadrat;B1GOQ5;5;Plantae;Poaceae;Hymenachne;amplexicaulis;Hymenachne amplexicaulis;3;7;HE_008
INSULAHE238;B1GO;degrade;FM;quadrat;B1GOQ6;6;Plantae;Poaceae;Echinochloa;pyramidalis;Echinochloa pyramidalis;5;9;HE_008
INSULAHE239;B1GO;degrade;FM;quadrat;B1GOQ7;7;Plantae;Typhaceae;Typha;domingensis;Typha domingensis;2;5;HE_008
INSULAHE240;B1GO;degrade;FM;quadrat;B1GOQ7;7;Plantae;Poaceae;Echinochloa;pyramidalis;Echinochloa pyramidalis;5;9;HE_008
INSULAHE241;B1GO;degrade;FM;quadrat;B1GOQ7;7;Plantae;Rubiaceae;Pentodon;pentandrus;Pentodon pentandrus;1;3;HE_008
INSULAHE242;B1GO;degrade;FM;quadrat;B1GOQ8;8;Plantae;Typhaceae;Typha;domingensis;Typha domingensis;3;7;HE_008
INSULAHE243;B1GO;degrade;FM;quadrat;B1GOQ8;8;Plantae;Poaceae;Echinochloa;pyramidalis;Echinochloa pyramidalis;5;9;HE_008
INSULAHE244;B1GO;degrade;FM;quadrat;B1GOQ8;8;Plantae;Rubiaceae;Pentodon;pentandrus;Pentodon pentandrus;2;5;HE_008
INSULAHE245;B1BP;degrade;FM;quadrat;B1BPQ1;1;Plantae;Poaceae;Echinochloa;pyramidalis;Echinochloa pyramidalis;4;8;HE_009
INSULAHE246;B1BP;degrade;FM;quadrat;B1BPQ1;1;Plantae;Poaceae;Hymenachne;amplexicaulis;Hymenachne amplexicaulis;3;7;HE_009
INSULAHE247;B1BP;degrade;FM;quadrat;B1BPQ1;1;Plantae;Commelinaceae;Commelina;diffusa;Commelina diffusa;1;3;HE_009
INSULAHE248;B1BP;degrade;FM;quadrat;B1BPQ2;2;Plantae;Poaceae;Echinochloa;pyramidalis;Echinochloa pyramidalis;4;8;HE_009
INSULAHE249;B1BP;degrade;FM;quadrat;B1BPQ2;2;Plantae;Poaceae;Hymenachne;amplexicaulis;Hymenachne amplexicaulis;2;5;HE_009
INSULAHE250;B1BP;degrade;FM;quadrat;B1BPQ2;2;Plantae;Fabaceae;Aeschynomenes;sensitiva;Aeschynomenes sensitiva;1;3;HE_009
INSULAHE251;B1BP;degrade;FM;quadrat;B1BPQ3;3;Plantae;Typhaceae;Typha;domingensis;Typha domingensis;1;3;HE_009
INSULAHE252;B1BP;degrade;FM;quadrat;B1BPQ3;3;Plantae;Onagraceae;Ludwigia;octovalvis;Ludwigia octovalvis;1;3;HE_009
INSULAHE253;B1BP;degrade;FM;quadrat;B1BPQ3;3;Plantae;Poaceae;Echinochloa;pyramidalis;Echinochloa pyramidalis;5;9;HE_009
INSULAHE254;B1BP;degrade;FM;quadrat;B1BPQ3;3;Plantae;Commelinaceae;Commelina;diffusa;Commelina diffusa;1;3;HE_009
INSULAHE255;B1BP;degrade;FM;quadrat;B1BPQ4;4;Plantae;Typhaceae;Typha;domingensis;Typha domingensis;1;3;HE_009
INSULAHE256;B1BP;degrade;FM;quadrat;B1BPQ4;4;Plantae;Poaceae;Echinochloa;pyramidalis;Echinochloa pyramidalis;4;8;HE_009
INSULAHE257;B1BP;degrade;FM;quadrat;B1BPQ4;4;Plantae;Commelinaceae;Commelina;diffusa;Commelina diffusa;1;3;HE_009
INSULAHE258;B1BP;degrade;FM;quadrat;B1BPQ5;5;Plantae;Poaceae;Echinochloa;pyramidalis;Echinochloa pyramidalis;2;5;HE_009
INSULAHE259;B1BP;degrade;FM;quadrat;B1BPQ5;5;Plantae;Commelinaceae;Commelina;diffusa;Commelina diffusa;1;3;HE_009
INSULAHE260;B1BP;degrade;FM;quadrat;B1BPQ5;5;Plantae;Typhaceae;Typha;domingensis;Typha domingensis;1;3;HE_009
INSULAHE261;B1BP;degrade;FM;quadrat;B1BPQ6;6;Plantae;Typhaceae;Typha;domingensis;Typha domingensis;2;5;HE_009
INSULAHE262;B1BP;degrade;FM;quadrat;B1BPQ6;6;Plantae;Poaceae;Hymenachne;amplexicaulis;Hymenachne amplexicaulis;1;3;HE_009
INSULAHE263;B1BP;degrade;FM;quadrat;B1BPQ6;6;Plantae;Commelinaceae;Commelina;diffusa;Commelina diffusa;1;3;HE_009
INSULAHE264;B1BP;degrade;FM;quadrat;B1BPQ6;6;Plantae;Fabaceae;Aeschynomenes;sensitiva;Aeschynomenes sensitiva;1;3;HE_009
INSULAHE265;B1BP;degrade;FM;quadrat;B1BPQ6;6;Plantae;Poaceae;Echinochloa;pyramidalis;Echinochloa pyramidalis;4;8;HE_009
INSULAHE266;B1BP;degrade;FM;quadrat;B1BPQ7;7;Plantae;Poaceae;Echinochloa;pyramidalis;Echinochloa pyramidalis;4;8;HE_009
INSULAHE267;B1BP;degrade;FM;quadrat;B1BPQ7;7;Plantae;Typhaceae;Typha;domingensis;Typha domingensis;1;3;HE_009
INSULAHE268;B1BP;degrade;FM;quadrat;B1BPQ8;8;Plantae;Commelinaceae;Commelina;diffusa;Commelina diffusa;1;3;HE_009
INSULAHE269;B1BP;degrade;FM;quadrat;B1BPQ8;8;Plantae;Poaceae;Echinochloa;pyramidalis;Echinochloa pyramidalis;3;7;HE_009
INSULAHE270;B1BP;degrade;FM;quadrat;B1BPQ8;8;Plantae;Typhaceae;Typha;domingensis;Typha domingensis;1;3;HE_009
INSULAHE271;B1MA;degrade;FM;quadrat;B1MAQ1;1;Plantae;Fabaceae;Centrosema;pubescens;Centrosema pubescens;3;7;HE_010
INSULAHE272;B1MA;degrade;FM;quadrat;B1MAQ2;2;Plantae;Fabaceae;Centrosema;pubescens;Centrosema pubescens;3;7;HE_010
INSULAHE273;B1MA;degrade;FM;quadrat;B1MAQ3;3;Plantae;Fabaceae;Centrosema;pubescens;Centrosema pubescens;1;3;HE_010
INSULAHE274;B1MA;degrade;FM;quadrat;B1MAQ4;4;Plantae;Fabaceae;Centrosema;pubescens;Centrosema pubescens;3;7;HE_010
INSULAHE275;B1MA;degrade;FM;quadrat;B1MAQ5;5;Plantae;Fabaceae;Centrosema;pubescens;Centrosema pubescens;2;5;HE_010
INSULAHE276;B1MA;degrade;FM;quadrat;B1MAQ6;6;Plantae;Fabaceae;Centrosema;pubescens;Centrosema pubescens;1;3;HE_010
INSULAHE277;B1MA;degrade;FM;quadrat;B1MAQ1;1;Plantae;Fabaceae;Desmodium;adscendens;Desmodium adscendens;1;3;HE_010
INSULAHE278;B1MA;degrade;FM;quadrat;B1MAQ2;2;Plantae;Fabaceae;Desmodium;adscendens;Desmodium adscendens;2;5;HE_010
INSULAHE279;B1MA;degrade;FM;quadrat;B1MAQ2;2;Plantae;Fabaceae;Desmodium;adscendens;Desmodium adscendens;2;5;HE_010
INSULAHE280;B1MA;degrade;FM;quadrat;B1MAQ3;3;Plantae;Fabaceae;Desmodium;adscendens;Desmodium adscendens;1;3;HE_010
INSULAHE281;B1MA;degrade;FM;quadrat;B1MAQ4;4;Plantae;Fabaceae;Desmodium;adscendens;Desmodium adscendens;1;3;HE_010
INSULAHE282;B1MA;degrade;FM;quadrat;B1MAQ5;5;Plantae;Fabaceae;Desmodium;adscendens;Desmodium adscendens;3;7;HE_010
INSULAHE283;B1MA;degrade;FM;quadrat;B1MAQ6;6;Plantae;Fabaceae;Desmodium;adscendens;Desmodium adscendens;2;5;HE_010
INSULAHE284;B1MA;degrade;FM;quadrat;B1MAQ7;7;Plantae;Fabaceae;Desmodium;adscendens;Desmodium adscendens;2;5;HE_010
INSULAHE285;B1MA;degrade;FM;quadrat;B1MAQ8;8;Plantae;Fabaceae;Desmodium;adscendens;Desmodium adscendens;4;8;HE_010
INSULAHE286;B1MA;degrade;FM;quadrat;B1MAQ6;6;Plantae;Poaceae;Dichanthium;annulatum;Dichanthium annulatum;1;3;HE_010
INSULAHE287;B1MA;degrade;FM;quadrat;B1MAQ2;2;Plantae;Poaceae;Dichanthium;annulatum;Dichanthium annulatum;2;5;HE_010
INSULAHE288;B1MA;degrade;FM;quadrat;B1MAQ7;7;Plantae;Cyperaceae;Eleocharis;interstincta;Eleocharis interstincta;2;5;HE_010
INSULAHE289;B1MA;degrade;FM;quadrat;B1MAQ8;8;Plantae;Lamiaceae;Hyptis;capitata;Hyptis capitata;2;5;HE_010
INSULAHE290;B1MA;degrade;FM;quadrat;B1MAQ1;1;Plantae;Convolvulaceae;Ipomoea;tiliacea;Ipomoea tiliacea;3;7;HE_010
INSULAHE291;B1MA;degrade;FM;quadrat;B1MAQ2;2;Plantae;Convolvulaceae;Ipomoea;tiliacea;Ipomoea tiliacea;4;8;HE_010
INSULAHE292;B1MA;degrade;FM;quadrat;B1MAQ3;3;Plantae;Convolvulaceae;Ipomoea;tiliacea;Ipomoea tiliacea;4;8;HE_010
INSULAHE293;B1MA;degrade;FM;quadrat;B1MAQ4;4;Plantae;Convolvulaceae;Ipomoea;tiliacea;Ipomoea tiliacea;2;5;HE_010
INSULAHE294;B1MA;degrade;FM;quadrat;B1MAQ5;5;Plantae;Convolvulaceae;Ipomoea;tiliacea;Ipomoea tiliacea;r;1;HE_010
INSULAHE295;B1MA;degrade;FM;quadrat;B1MAQ7;7;Plantae;Convolvulaceae;Ipomoea;tiliacea;Ipomoea tiliacea;2;5;HE_010
INSULAHE296;B1MA;degrade;FM;quadrat;B1MAQ8;8;Plantae;Convolvulaceae;Ipomoea;tiliacea;Ipomoea tiliacea;2;5;HE_010
INSULAHE297;B1MA;degrade;FM;quadrat;B1MAQ8;8;Plantae;Onagraceae;Ludwigia;octovalvis;Ludwigia octovalvis;2;5;HE_010
INSULAHE298;B1MA;degrade;FM;quadrat;B1MAQ2;2;Plantae;Fabaceae;Mimosa;pudica;Mimosa pudica;1;3;HE_010
INSULAHE299;B1MA;degrade;FM;quadrat;B1MAQ2;2;Plantae;Araceae;Montrichardia;arborescens;Montrichardia arborescens;3;7;HE_010
INSULAHE300;B1MA;degrade;FM;quadrat;B1MAQ4;4;Plantae;Araceae;Montrichardia;arborescens;Montrichardia arborescens;2;5;HE_010
INSULAHE301;B1MA;degrade;FM;quadrat;B1MAQ5;5;Plantae;Araceae;Montrichardia;arborescens;Montrichardia arborescens;1;3;HE_010
INSULAHE302;B1MA;degrade;FM;quadrat;B1MAQ6;6;Plantae;Araceae;Montrichardia;arborescens;Montrichardia arborescens;2;5;HE_010
INSULAHE303;B1MA;degrade;FM;quadrat;B1MAQ7;7;Plantae;Araceae;Montrichardia;arborescens;Montrichardia arborescens;2;5;HE_010
INSULAHE304;B1MA;degrade;FM;quadrat;B1MAQ5;5;Plantae;Poaceae;Panicum;hirsutum;Panicum hirsutum;2;5;HE_010
INSULAHE305;B1MA;degrade;FM;quadrat;B1MAQ8;8;Plantae;Poaceae;Panicum;hirsutum;Panicum hirsutum;4;8;HE_010
INSULAHE306;B1MA;degrade;FM;quadrat;B1MAQ2;2;Plantae;Verbenaceae;Phyla;nodiflora;Phyla nodiflora;1;3;HE_010
INSULAHE307;B1MA;degrade;FM;quadrat;B1MAQ5;5;Plantae;Verbenaceae;Phyla;nodiflora;Phyla nodiflora;1;3;HE_010
INSULAHE308;B1MA;degrade;FM;quadrat;B1MAQ6;6;Plantae;Verbenaceae;Phyla;nodiflora;Phyla nodiflora;2;5;HE_010
INSULAHE309;B1MA;degrade;FM;quadrat;B1MAQ6;6;Plantae;Cyperaceae;Rhynchospora;colorata;Rhynchospora colorata;2;5;HE_010
INSULAHE310;B1MA;degrade;FM;quadrat;B1MAQ1;1;Plantae;Asteraceae;Sphagneticola;trilobata;Sphagneticola trilobata;3;7;HE_010
INSULAHE311;B1MA;degrade;FM;quadrat;B1MAQ2;2;Plantae;Asteraceae;Sphagneticola;trilobata;Sphagneticola trilobata;2;5;HE_010
INSULAHE312;B1MA;degrade;FM;quadrat;B1MAQ3;3;Plantae;Asteraceae;Sphagneticola;trilobata;Sphagneticola trilobata;2;5;HE_010
INSULAHE313;B1MA;degrade;FM;quadrat;B1MAQ4;4;Plantae;Asteraceae;Sphagneticola;trilobata;Sphagneticola trilobata;2;5;HE_010
INSULAHE314;B1MA;degrade;FM;quadrat;B1MAQ5;5;Plantae;Asteraceae;Sphagneticola;trilobata;Sphagneticola trilobata;2;5;HE_010
INSULAHE315;B1MA;degrade;FM;quadrat;B1MAQ6;6;Plantae;Asteraceae;Sphagneticola;trilobata;Sphagneticola trilobata;2;5;HE_010
INSULAHE316;B1MA;degrade;FM;quadrat;B1MAQ7;7;Plantae;Asteraceae;Sphagneticola;trilobata;Sphagneticola trilobata;2;5;HE_010
INSULAHE317;B1MA;degrade;FM;quadrat;B1MAQ4;4;Plantae;Typhaceae;Typha;domingensis;Typha domingensis;2;5;HE_010
INSULAHE318;B1MA;degrade;FM;quadrat;B1MAQ5;5;Plantae;Typhaceae;Typha;domingensis;Typha domingensis;2;5;HE_010
INSULAHE319;B1RO;degrade;FM;quadrat;B1ROQ1;1;Plantae;Poaceae;Brachiaria;mutica;Brachiaria mutica;4;8;HE_011
INSULAHE320;B1RO;degrade;FM;quadrat;B1ROQ2;2;Plantae;Poaceae;Brachiaria;mutica;Brachiaria mutica;4;8;HE_011
INSULAHE321;B1RO;degrade;FM;quadrat;B1ROQ5;5;Plantae;Poaceae;Brachiaria;mutica;Brachiaria mutica;5;9;HE_011
INSULAHE322;B1RO;degrade;FM;quadrat;B1ROQ6;6;Plantae;Poaceae;Brachiaria;mutica;Brachiaria mutica;5;9;HE_011
INSULAHE323;B1RO;degrade;FM;quadrat;B1ROQ7;7;Plantae;Poaceae;Brachiaria;mutica;Brachiaria mutica;4;8;HE_011
INSULAHE324;B1RO;degrade;FM;quadrat;B1ROQ1;1;Plantae;Fabaceae;Centrosema;pubescens;Centrosema pubescens;2;5;HE_011
INSULAHE325;B1RO;degrade;FM;quadrat;B1ROQ3;3;Plantae;Fabaceae;Centrosema;pubescens;Centrosema pubescens;2;5;HE_011
INSULAHE326;B1RO;degrade;FM;quadrat;B1ROQ3;3;Plantae;Fabaceae;Centrosema;pubescens;Centrosema pubescens;1;3;HE_011
INSULAHE327;B1RO;degrade;FM;quadrat;B1ROQ5;5;Plantae;Fabaceae;Centrosema;pubescens;Centrosema pubescens;2;5;HE_011
INSULAHE328;B1RO;degrade;FM;quadrat;B1ROQ7;7;Plantae;Fabaceae;Centrosema;pubescens;Centrosema pubescens;1;3;HE_011
INSULAHE329;B1RO;degrade;FM;quadrat;B1ROQ8;8;Plantae;Fabaceae;Centrosema;pubescens;Centrosema pubescens;2;5;HE_011
INSULAHE330;B1RO;degrade;FM;quadrat;B1ROQ3;3;Plantae;Commelinaceae;Commelina;diffusa;Commelina diffusa;1;3;HE_011
INSULAHE331;B1RO;degrade;FM;quadrat;B1ROQ4;4;Plantae;Commelinaceae;Commelina;diffusa;Commelina diffusa;1;3;HE_011
INSULAHE332;B1RO;degrade;FM;quadrat;B1ROQ4;4;Plantae;Cyperaceae;Fimbristylis;dichotoma;Fimbristylis dichotoma;2;5;HE_011
INSULAHE333;B1RO;degrade;FM;quadrat;B1ROQ8;8;Plantae;Fabaceae;Desmodium;adscendens;Desmodium adscendens;1;3;HE_011
INSULAHE334;B1RO;degrade;FM;quadrat;B1ROQ3;3;Plantae;Poaceae;Dichanthium;annulatum;Dichanthium annulatum;1;3;HE_011
INSULAHE335;B1RO;degrade;FM;quadrat;B1ROQ4;4;Plantae;Cyperaceae;Eleocharis;geniculata;Eleocharis geniculata;2;5;HE_011
INSULAHE336;B1RO;degrade;FM;quadrat;B1ROQ8;8;Plantae;Cyperaceae;Fimbristylis;dichotoma;Fimbristylis dichotoma;2;5;HE_011
INSULAHE337;B1RO;degrade;FM;quadrat;B1ROQ1;1;Plantae;Araliaceae;Hydrocotyle;umbellata;Hydrocotyle umbellata;1;3;HE_011
INSULAHE338;B1RO;degrade;FM;quadrat;B1ROQ2;2;Plantae;Araliaceae;Hydrocotyle;umbellata;Hydrocotyle umbellata;1;3;HE_011
INSULAHE339;B1RO;degrade;FM;quadrat;B1ROQ3;3;Plantae;Araliaceae;Hydrocotyle;umbellata;Hydrocotyle umbellata;2;5;HE_011
INSULAHE340;B1RO;degrade;FM;quadrat;B1ROQ4;4;Plantae;Araliaceae;Hydrocotyle;umbellata;Hydrocotyle umbellata;1;3;HE_011
INSULAHE341;B1RO;degrade;FM;quadrat;B1ROQ8;8;Plantae;Araliaceae;Hydrocotyle;umbellata;Hydrocotyle umbellata;1;3;HE_011
INSULAHE342;B1RO;degrade;FM;quadrat;B1ROQ7;7;Plantae;Convolvulaceae;Ipomoea;tiliacea;Ipomoea tiliacea;1;3;HE_011
INSULAHE343;B1RO;degrade;FM;quadrat;B1ROQ4;4;Plantae;Cyperaceae;Eleocharis;interstincta;Eleocharis interstincta;2;5;HE_011
INSULAHE344;B1RO;degrade;FM;quadrat;B1ROQ3;3;Plantae;Cyperaceae;Kyllinga;erecta;Kyllinga erecta;1;3;HE_011
INSULAHE345;B1RO;degrade;FM;quadrat;B1ROQ4;4;Plantae;Cyperaceae;Kyllinga;erecta;Kyllinga erecta;1;3;HE_011
INSULAHE346;B1RO;degrade;FM;quadrat;B1ROQ5;5;Plantae;Cyperaceae;Kyllinga;erecta;Kyllinga erecta;1;3;HE_011
INSULAHE347;B1RO;degrade;FM;quadrat;B1ROQ8;8;Plantae;Cyperaceae;Kyllinga;erecta;Kyllinga erecta;1;3;HE_011
INSULAHE348;B1RO;degrade;FM;quadrat;B1ROQ2;2;Plantae;Araceae;Montrichardia;arborescens;Montrichardia arborescens;3;7;HE_011
INSULAHE349;B1RO;degrade;FM;quadrat;B1ROQ3;3;Plantae;Araceae;Montrichardia;arborescens;Montrichardia arborescens;1;3;HE_011
INSULAHE350;B1RO;degrade;FM;quadrat;B1ROQ7;7;Plantae;Verbenaceae;Phyla;nodiflora;Phyla nodiflora;1;3;HE_011
INSULAHE351;B1RO;degrade;FM;quadrat;B1ROQ5;5;Plantae;Phyllanthaceae;Phyllanthus;debilis;Phyllanthus debilis;1;3;HE_011
INSULAHE352;B1RO;degrade;FM;quadrat;B1ROQ1;1;Plantae;Asteraceae;Sphagneticola;trilobata;Sphagneticola trilobata;2;5;HE_011
INSULAHE353;B1RO;degrade;FM;quadrat;B1ROQ2;2;Plantae;Asteraceae;Sphagneticola;trilobata;Sphagneticola trilobata;2;5;HE_011
INSULAHE354;B1RO;degrade;FM;quadrat;B1ROQ3;3;Plantae;Asteraceae;Sphagneticola;trilobata;Sphagneticola trilobata;2;5;HE_011
INSULAHE355;B1RO;degrade;FM;quadrat;B1ROQ4;4;Plantae;Asteraceae;Sphagneticola;trilobata;Sphagneticola trilobata;3;7;HE_011
INSULAHE356;B1RO;degrade;FM;quadrat;B1ROQ7;7;Plantae;Asteraceae;Sphagneticola;trilobata;Sphagneticola trilobata;2;5;HE_011
INSULAHE357;B1RO;degrade;FM;quadrat;B1ROQ8;8;Plantae;Asteraceae;Sphagneticola;trilobata;Sphagneticola trilobata;2;5;HE_011
INSULAHE358;B1RO;degrade;FM;quadrat;B1ROQ1;1;Plantae;Typhaceae;Typha;domingensis;Typha domingensis;2;5;HE_011
INSULAHE359;B1RO;degrade;FM;quadrat;B1ROQ3;3;Plantae;Typhaceae;Typha;domingensis;Typha domingensis;4;8;HE_011
INSULAHE360;B1RO;degrade;FM;quadrat;B1ROQ4;4;Plantae;Typhaceae;Typha;domingensis;Typha domingensis;4;8;HE_011
INSULAHE361;B1RO;degrade;FM;quadrat;B1ROQ7;7;Plantae;Typhaceae;Typha;domingensis;Typha domingensis;1;3;HE_011
INSULAHE362;B1RO;degrade;FM;quadrat;B1ROQ8;8;Plantae;Typhaceae;Typha;domingensis;Typha domingensis;2;5;HE_011
INSULAHE363;C1GS1;degrade;M;quadrat;C1GS1Q1;1;Plantae;Poaceae;Stenotaphrum;secundatum;Stenotaphrum secundatum;5;9;HE_012
INSULAHE364;C1GS1;degrade;M;quadrat;C1GS1Q2;2;Plantae;Poaceae;Stenotaphrum;secundatum;Stenotaphrum secundatum;5;9;HE_012
INSULAHE365;C1GS1;degrade;M;quadrat;C1GS1Q3;3;Plantae;Poaceae;Stenotaphrum;secundatum;Stenotaphrum secundatum;5;9;HE_012
INSULAHE366;C1GS1;degrade;M;quadrat;C1GS1Q4;4;Plantae;Poaceae;Stenotaphrum;secundatum;Stenotaphrum secundatum;5;9;HE_012
INSULAHE367;C1GS1;degrade;M;quadrat;C1GS1Q5;5;Plantae;Poaceae;Stenotaphrum;secundatum;Stenotaphrum secundatum;5;9;HE_012
INSULAHE368;C1GS1;degrade;M;quadrat;C1GS1Q5;5;Plantae;Amaranthaceae;Blutaparon;vermiculare;Blutaparon vermiculare;r;1;HE_012
INSULAHE369;C1GS1;degrade;M;quadrat;C1GS1Q6;6;Plantae;Poaceae;Stenotaphrum;secundatum;Stenotaphrum secundatum;5;9;HE_012
INSULAHE370;C1GS1;degrade;M;quadrat;C1GS1Q7;7;Plantae;Poaceae;Stenotaphrum;secundatum;Stenotaphrum secundatum;5;9;HE_012
INSULAHE371;C1GS1;degrade;M;quadrat;C1GS1Q7;7;Plantae;Amaranthaceae;Blutaparon;vermiculare;Blutaparon vermiculare;1;3;HE_012
INSULAHE372;C1GS1;degrade;M;quadrat;C1GS1Q8;8;Plantae;Poaceae;Stenotaphrum;secundatum;Stenotaphrum secundatum;5;9;HE_012
INSULAHE373;C1PO;degrade;M;quadrat;C1POQ3;3;Plantae;Amaranthaceae;Blutaparon;vermiculare;Blutaparon vermiculare;2;5;HE_013
INSULAHE374;C1PO;degrade;M;quadrat;C1POQ4;4;Plantae;Amaranthaceae;Blutaparon;vermiculare;Blutaparon vermiculare;3;7;HE_013
INSULAHE375;C1PO;degrade;M;quadrat;C1POQ4;4;Plantae;Combretaceae;Conocarpus;erectus;Conocarpus erectus;2;5;HE_013
INSULAHE376;C1PO;degrade;M;quadrat;C1POQ7;7;Plantae;Cyperaceae;Fimbristylis ;cymosa subsp. Spathacea;Fimbristylis  cymosa subsp. Spathacea;3;7;HE_013
INSULAHE377;B1PI;degrade;FM;quadrat;B1PIQ1;1;Plantae;Poaceae;Dichanthium;annulatum;Dichanthium annulatum;5;9;HE_014
INSULAHE378;B1PI;degrade;FM;quadrat;B1PIQ1;1;Plantae;Cyperaceae;Eleocharis;interstincta;Eleocharis interstincta;2;5;HE_014
INSULAHE379;B1PI;degrade;FM;quadrat;B1PIQ1;1;Plantae;Poaceae;Brachiaria;mutica;Brachiaria mutica;5;9;HE_014
INSULAHE380;B1PI;degrade;FM;quadrat;B1PIQ2;2;Plantae;Poaceae;Brachiaria;mutica;Brachiaria mutica;2;5;HE_014
INSULAHE381;B1PI;degrade;FM;quadrat;B1PIQ2;2;Plantae;Commelinaceae;Commelina;diffusa;Commelina diffusa;1;3;HE_014
INSULAHE382;B1PI;degrade;FM;quadrat;B1PIQ2;2;Plantae;Poaceae;Dichanthium;annulatum;Dichanthium annulatum;3;7;HE_014
INSULAHE383;B1PI;degrade;FM;quadrat;B1PIQ2;2;Plantae;Cyperaceae;Eleocharis;interstincta;Eleocharis interstincta;2;5;HE_014
INSULAHE384;B1PI;degrade;FM;quadrat;B1PIQ3;3;Plantae;Poaceae;Brachiaria;mutica;Brachiaria mutica;4;8;HE_014
INSULAHE385;B1PI;degrade;FM;quadrat;B1PIQ3;3;Plantae;Poaceae;Dichanthium;annulatum;Dichanthium annulatum;4;8;HE_014
INSULAHE386;B1PI;degrade;FM;quadrat;B1PIQ3;3;Plantae;Fabaceae;Mimosa;pudica;Mimosa pudica;2;5;HE_014
INSULAHE387;B1PI;degrade;FM;quadrat;B1PIQ1;1;Plantae;Poaceae;Cynodon;dactylon;Cynodon dactylon;3;7;HE_014
INSULAHE388;B1PI;degrade;FM;quadrat;B1PIQ2;2;Plantae;Poaceae;Cynodon;dactylon;Cynodon dactylon;2;5;HE_014
INSULAHE389;B1PI;degrade;FM;quadrat;B1PIQ3;3;Plantae;Poaceae;Cynodon;dactylon;Cynodon dactylon;4;8;HE_014
INSULAHE390;B1PI;degrade;FM;quadrat;B1PIQ4;4;Plantae;Cyperaceae;Eleocharis;interstincta;Eleocharis interstincta;5;9;HE_014
INSULAHE391;B1PI;degrade;FM;quadrat;B1PIQ4;4;Plantae;Poaceae;Cynodon;dactylon;Cynodon dactylon;3;7;HE_014
INSULAHE392;B1PI;degrade;FM;quadrat;B1PIQ4;4;Plantae;Poaceae;Brachiaria;mutica;Brachiaria mutica;3;7;HE_014
INSULAHE393;B1PI;degrade;FM;quadrat;B1PIQ5;5;Plantae;Cyperaceae;Eleocharis;interstincta;Eleocharis interstincta;5;9;HE_014
INSULAHE394;B1PI;degrade;FM;quadrat;B1PIQ5;5;Plantae;Poaceae;Brachiaria;mutica;Brachiaria mutica;2;5;HE_014
INSULAHE395;B1PI;degrade;FM;quadrat;B1PIQ5;5;Plantae;Poaceae;Cynodon;dactylon;Cynodon dactylon;3;7;HE_014
INSULAHE396;B1PI;degrade;FM;quadrat;B1PIQ5;5;Plantae;Fabaceae;Desmodium;adscendens;Desmodium adscendens;1;3;HE_014
INSULAHE397;B1PI;degrade;FM;quadrat;B1PIQ6;6;Plantae;Cyperaceae;Eleocharis;interstincta;Eleocharis interstincta;4;8;HE_014
INSULAHE398;B1PI;degrade;FM;quadrat;B1PIQ6;6;Plantae;Poaceae;Cynodon;dactylon;Cynodon dactylon;3;7;HE_014
INSULAHE399;B1PI;degrade;FM;quadrat;B1PIQ6;6;Plantae;Poaceae;Brachiaria;mutica;Brachiaria mutica;2;5;HE_014
INSULAHE400;B1PI;degrade;FM;quadrat;B1PIQ6;6;Plantae;Commelinaceae;Commelina;diffusa;Commelina diffusa;1;3;HE_014
INSULAHE401;B1PI;degrade;FM;quadrat;B1PIQ6;6;Plantae;Poaceae;Dichanthium;annulatum;Dichanthium annulatum;2;5;HE_014
INSULAHE402;B1PI;degrade;FM;quadrat;B1PIQ6;6;Plantae;Fabaceae;Alysicarpus;vaginalis;Alysicarpus vaginalis;1;3;HE_014
INSULAHE403;B1PI;degrade;FM;quadrat;B1PIQ6;6;Plantae;Cyperaceae;Kyllinga;erecta;Kyllinga erecta;1;3;HE_014
INSULAHE404;B1PI;degrade;FM;quadrat;B1PIQ7;7;Plantae;Cyperaceae;Eleocharis;interstincta;Eleocharis interstincta;4;8;HE_014
INSULAHE405;B1PI;degrade;FM;quadrat;B1PIQ7;7;Plantae;Poaceae;Brachiaria;mutica;Brachiaria mutica;2;5;HE_014
INSULAHE406;B1PI;degrade;FM;quadrat;B1PIQ7;7;Plantae;Poaceae;Cynodon;dactylon;Cynodon dactylon;3;7;HE_014
INSULAHE407;B1PI;degrade;FM;quadrat;B1PIQ7;7;Plantae;Poaceae;Dichanthium;annulatum;Dichanthium annulatum;2;5;HE_014
INSULAHE408;B1PI;degrade;FM;quadrat;B1PIQ8;8;Plantae;Cyperaceae;Eleocharis;interstincta;Eleocharis interstincta;3;7;HE_014
INSULAHE409;B1PI;degrade;FM;quadrat;B1PIQ8;8;Plantae;Poaceae;Brachiaria;mutica;Brachiaria mutica;1;3;HE_014
INSULAHE410;B1PI;degrade;FM;quadrat;B1PIQ8;8;Plantae;Poaceae;Cynodon;dactylon;Cynodon dactylon;4;8;HE_014
INSULAHE411;B1PI;degrade;FM;quadrat;B1PIQ8;8;Plantae;Poaceae;Dichanthium;annulatum;Dichanthium annulatum;2;5;HE_014
INSULAHE412;B1PI;degrade;FM;quadrat;B1PIQ3;3;Plantae;Poaceae;Panicum;pilosum;Panicum pilosum;2;5;HE_014
INSULAHE413;B1PI;degrade;FM;quadrat;B1PIQ6;6;Plantae;Poaceae;Panicum;pilosum;Panicum pilosum;2;5;HE_014
INSULAHE414;B1PI;degrade;FM;quadrat;B1PIQ8;8;Plantae;Poaceae;Panicum;pilosum;Panicum pilosum;2;5;HE_014
INSULAHE415;C1SF;degrade;M;quadrat;C1SFQ1;1;Plantae;Nymphaeaceae;Nymphaea;ampla;Nymphaea ampla;2;5;HE_015
INSULAHE416;C1SF;degrade;M;quadrat;C1SFQ1;1;Plantae;Cyperaceae;Eleocharis;mutata;Eleocharis mutata;3;7;HE_015
INSULAHE417;C1SF;degrade;M;quadrat;C1SFQ2;2;Plantae;Cyperaceae;Eleocharis;mutata;Eleocharis mutata;2;5;HE_015
INSULAHE418;C1SF;degrade;M;quadrat;C1SFQ2;2;Plantae;Poaceae;Stenotaphrum;secundatum;Stenotaphrum secundatum;2;5;HE_015
INSULAHE419;C1SF;degrade;M;quadrat;C1SFQ3;3;Plantae;Cyperaceae;Eleocharis;mutata;Eleocharis mutata;3;7;HE_015
INSULAHE420;C1SF;degrade;M;quadrat;C1SFQ4;4;Plantae;Cyperaceae;Eleocharis;mutata;Eleocharis mutata;5;9;HE_015
INSULAHE421;C1SF;degrade;M;quadrat;C1SFQ5;5;Plantae;Cyperaceae;Eleocharis;mutata;Eleocharis mutata;3;7;HE_015
INSULAHE422;C1SF;degrade;M;quadrat;C1SFQ5;5;Plantae;Poaceae;Stenotaphrum;secundatum;Stenotaphrum secundatum;1;3;HE_015
INSULAHE423;C1SF;degrade;M;quadrat;C1SFQ6;6;Plantae;Cyperaceae;Eleocharis;mutata;Eleocharis mutata;3;7;HE_015
INSULAHE424;C1SF;degrade;M;quadrat;C1SFQ7;7;Plantae;Cyperaceae;Eleocharis;mutata;Eleocharis mutata;5;9;HE_015
INSULAHE425;C1SF;degrade;M;quadrat;C1SFQ8;8;Plantae;Cyperaceae;Eleocharis;mutata;Eleocharis mutata;3;7;HE_015
INSULAHE426;A0TA;nndegrade;FTF;total;;;Plantae;Cyperaceae;Scleria;latifolia;Scleria latifolia;;;HE_016
INSULAHE427;A0TA;nndegrade;FTF;total;;;Plantae;Cyperaceae;Scleria;secans;Scleria secans;;;HE_016
INSULAHE428;A0MO;nndegrade;FTF;total;;;Plantae;Cyperaceae;Scleria;secans;Scleria secans;;;HE_017
INSULAHE429;A0MO;nndegrade;FTF;total;;;Plantae;Cyperaceae;Scleria;latifolia;Scleria latifolia;;;HE_017
INSULAHE430;A0SO;nndegrade;FTF;total;;;Plantae;Cyperaceae;Scleria;secans;Scleria secans;;;HE_018
INSULAHE431;B1BPR;degrade;FM;total;;;Plantae;Fabaceae;Aeschynomenes;sensitiva;Aeschynomenes sensitiva;;;HE_019
INSULAHE432;B1BPR;degrade;FM;total;;;Plantae;Poaceae;Axonopus;compressus;Axonopus compressus;;;HE_019
INSULAHE433;B1BPR;degrade;FM;total;;;Plantae;Poaceae;Axonopus;compressus;Axonopus compressus;;;HE_019
INSULAHE434;B1BPR;degrade;FM;total;;;Plantae;Poaceae;Brachiaria;mutica;Brachiaria mutica;;;HE_019
INSULAHE435;B1BPR;degrade;FM;total;;;Plantae;Commelinaceae;Commelina;diffusa ;Commelina diffusa ;;;HE_019
INSULAHE436;B1BPR;degrade;FM;total;;;Plantae;Lythraceae;Cuphea;carthagenensis;Cuphea carthagenensis;;;HE_019
INSULAHE437;B1BPR;degrade;FM;total;;;Plantae;Poaceae;Echinochloa;pyramidalis;Echinochloa pyramidalis;;;HE_019
INSULAHE438;B1BPR;degrade;FM;total;;;Plantae;Poaceae;Hymenachne;amplexicaulis;Hymenachne amplexicaulis;;;HE_019
INSULAHE439;B1BPR;degrade;FM;total;;;Plantae;Lamiaceae;Hyptis;atrorubens;Hyptis atrorubens;;;HE_019
INSULAHE440;B1BPR;degrade;FM;total;;;Plantae;Cyperaceae;Kyllinga;pumila;Kyllinga pumila;;;HE_019
INSULAHE441;B1BPR;degrade;FM;total;;;Plantae;Onagraceae;Ludwigia;octovalvis;Ludwigia octovalvis;;;HE_019
INSULAHE442;B1BPR;degrade;FM;total;;;Plantae;Poaceae;Panicum;laxum;Panicum laxum;;;HE_019
INSULAHE443;B1BPR;degrade;FM;total;;;Plantae;Polygonaceae;Polygonum;punctatum;Polygonum punctatum;;;HE_019
INSULAHE444;B1BPR;degrade;FM;total;;;Plantae;Melastomataceae;Pterolepis;glomerata;Pterolepis glomerata;;;HE_019
INSULAHE445;B1GO;degrade;FM;total;;;Plantae;Poaceae;Echinochloa;pyramidalis;Echinochloa pyramidalis;;;HE_020
INSULAHE446;B1GO;degrade;FM;total;;;Plantae;Cyperaceae;Eleocharis;mutata;Eleocharis mutata;;;HE_020
INSULAHE447;B1GO;degrade;FM;total;;;Plantae;Poaceae;Hymenachne;amplexicaulis;Hymenachne amplexicaulis;;;HE_020
INSULAHE448;B1GO;degrade;FM;total;;;Plantae;Rubiaceae;Pentodon;pentandrus;Pentodon pentandrus;;;HE_020
INSULAHE449;B1GO;degrade;FM;total;;;Plantae;Typhaceae;Typha;domingensis;Typha domingensis;;;HE_020
INSULAHE450;B1GO;degrade;FM;total;;;Plantae;Cyperaceae;Pycreus;polystachyos;Pycreus polystachyos;;;HE_020
INSULAHE451;B1GO;degrade;FM;total;;;Plantae;Cyperaceae;Cyperus;odoratus;Cyperus odoratus;;;HE_020
INSULAHE452;B1BP;degrade;FM;total;;;Plantae;Fabaceae;Aeschynomenes;sensitiva;Aeschynomenes sensitiva;;;HE_021
INSULAHE453;B1BP;degrade;FM;total;;;Plantae;Commelinaceae;Commelina;diffusa ;Commelina diffusa ;;;HE_021
INSULAHE454;B1BP;degrade;FM;total;;;Plantae;Poaceae;Echinochloa;pyramidalis;Echinochloa pyramidalis;;;HE_021
INSULAHE455;B1BP;degrade;FM;total;;;Plantae;Poaceae;Hymenachne;amplexicaulis;Hymenachne amplexicaulis;;;HE_021
INSULAHE456;B1BP;degrade;FM;total;;;Plantae;Onagraceae;Ludwigia;octovalvis;Ludwigia octovalvis;;;HE_021
INSULAHE457;B1BP;degrade;FM;total;;;Plantae;Typhaceae;Typha;domingensis;Typha domingensis;;;HE_021
INSULAHE458;B1BP;degrade;FM;total;;;Plantae;Rubiaceae;Pentodon;pentandrus;Pentodon pentandrus;;;HE_021
INSULAHE459;B1BP;degrade;FM;total;;;Plantae;Araliaceae;Hydrocotyle;umbellata;Hydrocotyle umbellata;;;HE_021
INSULAHE460;B1BP;degrade;FM;total;;;Plantae;Cyperaceae;Eleocharis;mutata;Eleocharis mutata;;;HE_021
INSULAHE461;B1BP;degrade;FM;total;;;Plantae;Cyperaceae;Cyperus;odoratus;Cyperus odoratus;;;HE_021
INSULAHE462;B1MA;degrade;FM;total;;;Plantae;Typhaceae;Typha;domingensis;Typha domingensis;;;HE_022
INSULAHE463;B1MA;degrade;FM;total;;;Plantae;Convolvulaceae;Ipomoea;tiliacea;Ipomoea tiliacea;;;HE_022
INSULAHE464;B1MA;degrade;FM;total;;;Plantae;Lamiaceae;Hyptis;capitata;Hyptis capitata;;;HE_022
INSULAHE465;B1MA;degrade;FM;total;;;Plantae;Onagraceae;Ludwigia;octovalvis;Ludwigia octovalvis;;;HE_022
INSULAHE466;B1MA;degrade;FM;total;;;Plantae;Fabaceae;Desmodium;adscendens;Desmodium adscendens;;;HE_022
INSULAHE467;B1MA;degrade;FM;total;;;Plantae;Araceae;Montrichardia;arborescens;Montrichardia arborescens;;;HE_022
INSULAHE468;B1MA;degrade;FM;total;;;Plantae;Asteraceae;Sphagneticola;trilobata;Sphagneticola trilobata;;;HE_022
INSULAHE469;B1MA;degrade;FM;total;;;Plantae;Fabaceae;Centrosema;pubescens;Centrosema pubescens;;;HE_022
INSULAHE470;B1MA;degrade;FM;total;;;Plantae;Fabaceae;Mimosa;pudica;Mimosa pudica;;;HE_022
INSULAHE471;B1MA;degrade;FM;total;;;Plantae;Verbenaceae;Lippia;nodiflora;Lippia nodiflora;;;HE_022
INSULAHE472;B1MA;degrade;FM;total;;;Plantae;Poaceae;Panicum;hirsutum;Panicum hirsutum;;;HE_022
INSULAHE473;B1MA;degrade;FM;total;;;Plantae;Poaceae;Dichanthium;annulatum;Dichanthium annulatum;;;HE_022
INSULAHE474;B1MA;degrade;FM;total;;;Plantae;Cyperaceae;Eleocharis;interstincta;Eleocharis interstincta;;;HE_022
INSULAHE475;B1MA;degrade;FM;total;;;Plantae;Cyperaceae;Rhynchospora;colorata;Rhynchospora colorata;;;HE_022
INSULAHE476;B1MA;degrade;FM;total;;;Plantae;Cyperaceae;Kyllinga;erecta;Kyllinga erecta;;;HE_022
INSULAHE477;B1RO;degrade;FM;total;;;Plantae;Poaceae;Brachiaria;mutica;Brachiaria mutica;;;HE_023
INSULAHE478;B1RO;degrade;FM;total;;;Plantae;Fabaceae;Centrosema;Pubescens;Centrosema Pubescens;;;HE_023
INSULAHE479;B1RO;degrade;FM;total;;;Plantae;Commelinaceae;Commelina;Diffusa;Commelina Diffusa;;;HE_023
INSULAHE480;B1RO;degrade;FM;total;;;Plantae;Fabaceae;Desmodium;Adsendens;Desmodium Adsendens;;;HE_023
INSULAHE481;B1RO;degrade;FM;total;;;Plantae;Poaceae;Dichanthium;annulatum;Dichanthium annulatum;;;HE_023
INSULAHE482;B1RO;degrade;FM;total;;;Plantae;Cyperaceae;Eleocharis;geniculata;Eleocharis geniculata;;;HE_023
INSULAHE483;B1RO;degrade;FM;total;;;Plantae;Cyperaceae;Fimbristylis;Dichotoma;Fimbristylis Dichotoma;;;HE_023
INSULAHE484;B1RO;degrade;FM;total;;;Plantae;Araliaceae;Hydrocotyle;umbellata;Hydrocotyle umbellata;;;HE_023
INSULAHE485;B1RO;degrade;FM;total;;;Plantae;Convolvulaceae;Ipomoea;Tilliacea;Ipomoea Tilliacea;;;HE_023
INSULAHE486;B1RO;degrade;FM;total;;;Plantae;Cyperaceae;Eleocharis;interstincta;Eleocharis interstincta;;;HE_023
INSULAHE487;B1RO;degrade;FM;total;;;Plantae;Cyperaceae;Kyllinga;erecta;Kyllinga erecta;;;HE_023
INSULAHE488;B1RO;degrade;FM;total;;;Plantae;Araceae;Montrichardia;arborescens;Montrichardia arborescens;;;HE_023
INSULAHE489;B1RO;degrade;FM;total;;;Plantae;Verbenaceae;Phyla;nodiflora;Phyla nodiflora;;;HE_023
INSULAHE490;B1RO;degrade;FM;total;;;Plantae;Phyllanthaceae;Phyllanthus;debilis;Phyllanthus debilis;;;HE_023
INSULAHE491;B1RO;degrade;FM;total;;;Plantae;Asteraceae;Sphagneticola;trilobata;Sphagneticola trilobata;;;HE_023
INSULAHE492;B1RO;degrade;FM;total;;;Plantae;Typhaceae;Typha;Domingensis;Typha Domingensis;;;HE_023
INSULAHE493;B1RO;degrade;FM;total;;;Plantae;Amaranthaceae;Achyranthes;aspera;Achyranthes aspera;;;HE_023
INSULAHE494;B1RO;degrade;FM;total;;;Plantae;Fabaceae;Chamaecrista;glandulosa;Chamaecrista glandulosa;;;HE_023
INSULAHE495;B1RO;degrade;FM;total;;;Plantae;Rubiaceae;Pentodon;pentandrus;Pentodon pentandrus;;;HE_023
INSULAHE496;C1GS1;degrade;M;total;;;Plantae;Poaceae;Stenotaphrum;secundatum;Stenotaphrum secundatum;;;HE_024
INSULAHE497;C1GS1;degrade;M;total;;;Plantae;Amaranthaceae;Blutaparon;vermiculare;Blutaparon vermiculare;;;HE_024
INSULAHE498;C1GS1;degrade;M;total;;;Plantae;Cyperaceae;Fimbristylis;cymosa subsp. Spathacea;Fimbristylis cymosa subsp. Spathacea;;;HE_024
INSULAHE499;C1GS1;degrade;M;total;;;Plantae;Plantaginaceae;Bacopa;monnieri;Bacopa monnieri;;;HE_024
INSULAHE500;C1GS1;degrade;M;total;;;Plantae;Combretaceae;Laguncularia;racemosa;Laguncularia racemosa;;;HE_024
INSULAHE501;C1GS1;degrade;M;total;;;Plantae;Combretaceae;Conocarpus;erectus;Conocarpus erectus;;;HE_024
INSULAHE502;C1GS1;degrade;M;total;;;Plantae;Solanaceae;Solanum;rugosum;Solanum rugosum;;;HE_024
INSULAHE503;C1GS1;degrade;M;total;;;Plantae;Verbenaceae;Lantana;camara;Lantana camara;;;HE_024
INSULAHE504;C1GS2;degrade;M;total;;;Plantae;Acanthaceae;Avicennia;germinans;Avicennia germinans;;;HE_025
INSULAHE505;C1GS2;degrade;M;total;;;Plantae;Heliotropiaceae;Heliotropium;curassavicum;Heliotropium curassavicum;;;HE_025
INSULAHE506;C1GS2;degrade;M;total;;;Plantae;Poaceae;Stenotaphrum;secundatum;Stenotaphrum secundatum;;;HE_025
INSULAHE507;C1GS2;degrade;M;total;;;Plantae;Combretaceae;Laguncularia;racemosa;Laguncularia racemosa;;;HE_025
INSULAHE508;C1PS;degrade;M;total;;;Plantae;Poaceae;Sporobolus;virginicus;Sporobolus virginicus;;;HE_026
INSULAHE509;C1PS;degrade;M;total;;;Plantae;Cyperaceae;Eleocharis;mutata;Eleocharis mutata;;;HE_026
INSULAHE510;C1PS;degrade;M;total;;;Plantae;Aizoaceae;Sesuvium;maritimum;Sesuvium maritimum;;;HE_026
INSULAHE511;B1PI;degrade;FM;total;;;Plantae;Poaceae;Dichanthium;annulatum;Dichanthium annulatum;;;HE_027
INSULAHE512;B1PI;degrade;FM;total;;;Plantae;Cyperaceae;Eleocharis;interstincta;Eleocharis interstincta;;;HE_027
INSULAHE513;B1PI;degrade;FM;total;;;Plantae;Poaceae;Brachiaria;Mutica;Brachiaria Mutica;;;HE_027
INSULAHE514;B1PI;degrade;FM;total;;;Plantae;Commelinaceae;Commelina;Diffusa;Commelina Diffusa;;;HE_027
INSULAHE515;B1PI;degrade;FM;total;;;Plantae;Poaceae;Dichanthium;annulatum;Dichanthium annulatum;;;HE_027
INSULAHE516;B1PI;degrade;FM;total;;;Plantae;Fabaceae;Mimosa;pudica;Mimosa pudica;;;HE_027
INSULAHE517;B1PI;degrade;FM;total;;;Plantae;Poaceae;Cynodon;dactylon;Cynodon dactylon;;;HE_027
INSULAHE518;B1PI;degrade;FM;total;;;Plantae;Poaceae;Brachiaria;mutica;Brachiaria mutica;;;HE_027
INSULAHE519;B1PI;degrade;FM;total;;;Plantae;Fabaceae;Desmodium;Adsendens;Desmodium Adsendens;;;HE_027
INSULAHE520;B1PI;degrade;FM;total;;;Plantae;Fabaceae;Alysicarpus;vaginalis;Alysicarpus vaginalis;;;HE_027
INSULAHE521;B1PI;degrade;FM;total;;;Plantae;Cyperaceae;Kyllinga;erecta;Kyllinga erecta;;;HE_027
INSULAHE522;B1PI;degrade;FM;total;;;Plantae;Cyperaceae;Cyperus;odoratus;Cyperus odoratus;;;HE_027
INSULAHE523;B1PI;degrade;FM;total;;;Plantae;Poaceae;Panicum;pilosum;Panicum pilosum;;;HE_027
INSULAHE524;B1PI;degrade;FM;total;;;Plantae;Cyperaceae;Fimbristylis;dichotoma;Fimbristylis dichotoma;;;HE_027
INSULAHE525;B1PI;degrade;FM;total;;;Plantae;Cyperaceae;Cyperus;odoratus;Cyperus odoratus;;;HE_027
INSULAHE526;B1PI;degrade;FM;total;;;Plantae;Onagraceae;Ludwigia;octovalvis;Ludwigia octovalvis;;;HE_027
INSULAHE527;B1PI;degrade;FM;total;;;Plantae;Fabaceae;Chamaecrista;glandulosa;Chamaecrista glandulosa;;;HE_027
INSULAHE528;C1PO;degrade;M;total;;;Plantae;Amaranthaceae;Blutaparon;vermiculare;Blutaparon vermiculare;;;HE_028
INSULAHE529;C1PO;degrade;M;total;;;Plantae;Combretaceae;Conocarpus;erectus;Conocarpus erectus;;;HE_028
INSULAHE530;C1PO;degrade;M;total;;;Plantae;Cyperaceae;Fimbristylis ;cymosa subsp. Spathacea;Fimbristylis  cymosa subsp. Spathacea;;;HE_028
INSULAHE531;C1PO;degrade;M;total;;;Plantae;Combretaceae;Laguncularia;racemosa;Laguncularia racemosa;;;HE_028
INSULAHE532;C1PO;degrade;M;total;;;Plantae;Poaceae;Leptochloa;fusca subsp. Fascicularis;Leptochloa fusca subsp. Fascicularis;;;HE_028
INSULAHE533;C1PO;degrade;M;total;;;Plantae;Asteraceae;Pluchea;odorata;Pluchea odorata;;;HE_028
INSULAHE534;A1TA;degrade;FTF;total;;;Plantae;Fabaceae;Aeschynomene;americana;Aeschynomene americana;;;HE_029
INSULAHE535;A1ME;degrade;FTF;total;;;Plantae;Asteraceae;Ageratum;conyzoides;Ageratum conyzoides;;;HE_030
INSULAHE536;A1TA;degrade;FTF;total;;;Plantae;Poaceae;Axonopus;compressus;Axonopus compressus;;;HE_029
INSULAHE537;A1MO;degrade;FTF;total;;;Plantae;Poaceae;Axonopus;compressus;Axonopus compressus;;;HE_031
INSULAHE538;A1TA;degrade;FTF;total;;;Plantae;Asteraceae;Bidens;pilosa;Bidens pilosa;;;HE_029
INSULAHE539;A1ME;degrade;FTF;total;;;Plantae;Poaceae;Brachiaria;subquadripata;Brachiaria subquadripata;;;HE_030
INSULAHE540;A1ME;degrade;FTF;total;;;Plantae;Poaceae;Brachiaria;mutica;Brachiaria mutica;;;HE_030
INSULAHE541;A1TA;degrade;FTF;total;;;Plantae;Fabaceae;Calopogonium;mucunoides;Calopogonium mucunoides;;;HE_029
INSULAHE542;A1TA;degrade;FTF;total;;;Plantae;Fabaceae;Centrosema;pubescens;Centrosema pubescens;;;HE_029
INSULAHE543;A1MO;degrade;FTF;total;;;Plantae;Melastomataceae;Bellucia ;grossularioides;Bellucia  grossularioides;;;HE_031
INSULAHE544;A1MO;degrade;FTF;total;;;Plantae;Melastomataceae;Clidemia;hirta;Clidemia hirta;;;HE_031
INSULAHE545;A1TA;degrade;FTF;total;;;Plantae;Commelinaceae;Commelina;diffusa;Commelina diffusa;;;HE_029
INSULAHE546;A1ME;degrade;FTF;total;;;Plantae;Commelinaceae;Commelina;diffusa;Commelina diffusa;;;HE_030
INSULAHE547;A1MO;degrade;FTF;total;;;Plantae;Commelinaceae;Commelina;diffusa;Commelina diffusa;;;HE_031
INSULAHE548;A1TA;degrade;FTF;total;;;Plantae;Poaceae;Paspalum;conjugatum ;Paspalum conjugatum ;;;HE_029
INSULAHE549;A1ME;degrade;FTF;total;;;Plantae;Poaceae;Paspalum;conjugatum ;Paspalum conjugatum ;;;HE_030
INSULAHE550;A1ME;degrade;FTF;total;;;Plantae;Poaceae;Paspalum;conjugatum ;Paspalum conjugatum ;;;HE_030
INSULAHE551;A1TA;degrade;FTF;total;;;Plantae;Asteraceae;Crassocephalum;crepidioides;Crassocephalum crepidioides;;;HE_029
INSULAHE552;A1MO;degrade;FTF;total;;;Plantae;Lythraceae;Cuphea;carthagenensis;Cuphea carthagenensis;;;HE_031
INSULAHE553;A1TA;degrade;FTF;total;;;Plantae;Cyperaceae;Cyperus;sphacelatus;Cyperus sphacelatus;;;HE_029
INSULAHE554;A1ME;degrade;FTF;total;;;Plantae;Cyperaceae;Cyperus;odoratus;Cyperus odoratus;;;HE_030
INSULAHE555;A1MO;degrade;FTF;total;;;Plantae;Cyperaceae;Cyperus;sphacelatus;Cyperus sphacelatus;;;HE_031
INSULAHE556;A1ME;degrade;FTF;total;;;Plantae;Fabaceae;Desmodium;adscendens;Desmodium adscendens;;;HE_030
INSULAHE557;A1MO;degrade;FTF;total;;;Plantae;Fabaceae;Desmodium;adscendens;Desmodium adscendens;;;HE_031
INSULAHE558;A1MO;degrade;FTF;total;;;Plantae;Fabaceae;Desmanthus;virgatus;Desmanthus virgatus;;;HE_031
INSULAHE559;A1MO;degrade;FTF;total;;;Plantae;Poaceae;Digitaria;longiflora;Digitaria longiflora;;;HE_031
INSULAHE560;A1ME;degrade;FTF;total;;;Plantae;Rubiaceae;Oldenlandia;lancifolia;Oldenlandia lancifolia;;;HE_030
INSULAHE561;A1TA;degrade;FTF;total;;;Plantae;Asteraceae;Erechtites;valerianifolius;Erechtites valerianifolius;;;HE_029
INSULAHE562;A1TA;degrade;FTF;total;;;Plantae;Asteraceae;Erechtites;hieraciifolius;Erechtites hieraciifolius;;;HE_029
INSULAHE563;A1TA;degrade;FTF;total;;;Plantae;Euphorbiaceae;Euphorbia;heterophylla;Euphorbia heterophylla;;;HE_029
INSULAHE564;A1TA;degrade;FTF;total;;;Plantae;Cyperaceae;Fimbristylis;dichotoma;Fimbristylis dichotoma;;;HE_029
INSULAHE565;A1ME;degrade;FTF;total;;;Plantae;Cyperaceae;Fimbristylis;dichotoma;Fimbristylis dichotoma;;;HE_030
INSULAHE566;A1MO;degrade;FTF;total;;;Plantae;Cyperaceae;Fimbristylis;dichotoma;Fimbristylis dichotoma;;;HE_031
INSULAHE567;A1MO;degrade;FTF;total;;;Plantae;Cyperaceae;Fimbristylis;miliacea;Fimbristylis miliacea;;;HE_031
INSULAHE568;A1TA;degrade;FTF;total;;;Plantae;Poaceae;Eleusine;indica;Eleusine indica;;;HE_029
INSULAHE569;A1MO;degrade;FTF;total;;;Plantae;Poaceae;Homolepis;sp a vrif;Homolepis sp a vrif;;;HE_031
INSULAHE570;A1ME;degrade;FTF;total;;;Plantae;Lamiaceae;Hyptis;atrorubens;Hyptis atrorubens;;;HE_030
INSULAHE571;A1ME;degrade;FTF;total;;;Plantae;Lamiaceae;Hyptis;capitata;Hyptis capitata;;;HE_030
INSULAHE572;A1MO;degrade;FTF;total;;;Plantae;Lamiaceae;Hyptis;atrorubens;Hyptis atrorubens;;;HE_031
INSULAHE573;A1TA;degrade;FTF;total;;;Plantae;Convolvulaceae;Ipomoea;tiliacea;Ipomoea tiliacea;;;HE_029
INSULAHE574;A1TA;degrade;FTF;total;;;Plantae;Convolvulaceae;Ipomoea;setifera;Ipomoea setifera;;;HE_029
INSULAHE575;A1ME;degrade;FTF;total;;;Plantae;Convolvulaceae;Ipomoea;setifera;Ipomoea setifera;;;HE_030
INSULAHE576;A1TA;degrade;FTF;total;;;Plantae;Cyperaceae;Kyllinga;aturensis;Kyllinga aturensis;;;HE_029
INSULAHE577;A1ME;degrade;FTF;total;;;Plantae;Cyperaceae;Kyllinga;pumila;Kyllinga pumila;;;HE_030
INSULAHE578;A1ME;degrade;FTF;total;;;Plantae;Cyperaceae;Kyllinga;erecta ;Kyllinga erecta ;;;HE_030
INSULAHE579;A1MO;degrade;FTF;total;;;Plantae;Cyperaceae;Kyllinga;pumila;Kyllinga pumila;;;HE_031
INSULAHE580;A1MO;degrade;FTF;total;;;Plantae;Cyperaceae;Kyllinga;erecta;Kyllinga erecta;;;HE_031
INSULAHE581;A1ME;degrade;FTF;total;;;Plantae;Acanthaceae;Lepitogathis;alopecurioda;Lepitogathis alopecurioda;;;HE_030
INSULAHE582;A1MO;degrade;FTF;total;;;Plantae;Onagraceae;Ludwigia;nodiflora;Ludwigia nodiflora;;;HE_031
INSULAHE583;A1MO;degrade;FTF;total;;;Plantae;Onagraceae;Ludwigia;octovalvis;Ludwigia octovalvis;;;HE_031
INSULAHE584;A1TA;degrade;FTF;total;;;Plantae;Asteraceae;Mikania;micrantha;Mikania micrantha;;;HE_029
INSULAHE585;A1TA;degrade;FTF;total;;;Plantae;Fabaceae;Mimosa;pigra;Mimosa pigra;;;HE_029
INSULAHE586;A1TA;degrade;FTF;total;;;Plantae;Fabaceae;Mimosa;pudica;Mimosa pudica;;;HE_029
INSULAHE587;A1ME;degrade;FTF;total;;;Plantae;Fabaceae;Mimosa;pigra;Mimosa pigra;;;HE_030
INSULAHE588;A1ME;degrade;FTF;total;;;Plantae;Fabaceae;Mimosa;pudica;Mimosa pudica;;;HE_030
INSULAHE589;A1MO;degrade;FTF;total;;;Plantae;Fabaceae;Mimosa;pigra;Mimosa pigra;;;HE_031
INSULAHE590;A1MO;degrade;FTF;total;;;Plantae;Fabaceae;Mimosa;pudica;Mimosa pudica;;;HE_031
INSULAHE591;A1TA;degrade;FTF;total;;;Plantae;Nephrolepidaceae;Nephrolepis;rivularis;Nephrolepis rivularis;;;HE_029
INSULAHE592;A1TA;degrade;FTF;total;;;Plantae;Oxalidaceae;Oxalis;barrelieri;Oxalis barrelieri;;;HE_029
INSULAHE593;A1TA;degrade;FTF;total;;;Plantae;Poaceae;Panicum;maximum;Panicum maximum;;;HE_029
INSULAHE594;A1MO;degrade;FTF;total;;;Plantae;Poaceae;Panicum;laxum;Panicum laxum;;;HE_031
INSULAHE595;A1MO;degrade;FTF;total;;;Plantae;Poaceae;Panicum;pilosum;Panicum pilosum;;;HE_031
INSULAHE596;A1TA;degrade;FTF;total;;;Plantae;Poaceae;Paspalum;conjugatum;Paspalum conjugatum;;;HE_029
INSULAHE597;A1ME;degrade;FTF;total;;;Plantae;Poaceae;Paspalum;conjugatum;Paspalum conjugatum;;;HE_030
INSULAHE598;A1MO;degrade;FTF;total;;;Plantae;Poaceae;Paspalum;conjugatum;Paspalum conjugatum;;;HE_031
INSULAHE599;A1MO;degrade;FTF;total;;;Plantae;Poaceae;Paspalum;laxum;Paspalum laxum;;;HE_031
INSULAHE600;A1TA;degrade;FTF;total;;;Plantae;Phyllanthaceae;Phyllanthus;amarus;Phyllanthus amarus;;;HE_029
INSULAHE601;A1TA;degrade;FTF;total;;;Plantae;Phyllanthaceae;Phyllanthus;debilis;Phyllanthus debilis;;;HE_029
INSULAHE602;A1TA;degrade;FTF;total;;;Plantae;Phyllanthaceae;Phyllanthus;urinaria;Phyllanthus urinaria;;;HE_029
INSULAHE603;A1MO;degrade;FTF;total;;;Plantae;Melastomataceae;Pterolepis;glomerata;Pterolepis glomerata;;;HE_031
INSULAHE604;A1ME;degrade;FTF;total;;;Plantae;Poaceae;Sacciolepis;indica;Sacciolepis indica;;;HE_030
INSULAHE605;A1MO;degrade;FTF;total;;;Plantae;Poaceae;Sacciolepis;indica;Sacciolepis indica;;;HE_031
INSULAHE606;A1TA;degrade;FTF;total;;;Plantae;Malvaceae;Sida;acuta;Sida acuta;;;HE_029
INSULAHE607;A1ME;degrade;FTF;total;;;Plantae;Malvaceae;Sida;rhombifolia;Sida rhombifolia;;;HE_030
INSULAHE608;A1TA;degrade;FTF;total;;;Plantae;Solanaceae;Solanum;torvum;Solanum torvum;;;HE_029
INSULAHE609;A1ME;degrade;FTF;total;;;Plantae;Solanaceae;Solanum;torvum;Solanum torvum;;;HE_030
INSULAHE610;A1ME;degrade;FTF;total;;;Plantae;Asteraceae;Sphagneticola;trilobata;Sphagneticola trilobata;;;HE_030
INSULAHE611;A1MO;degrade;FTF;total;;;Plantae;Asteraceae;Sphagneticola;trilobata;Sphagneticola trilobata;;;HE_031
INSULAHE612;A1TA;degrade;FTF;total;;;Plantae;Loganiaceae;Spigelia;anthelmia;Spigelia anthelmia;;;HE_029
INSULAHE613;A1TA;degrade;FTF;total;;;Plantae;Malvaceae;Urena;lobata;Urena lobata;;;HE_029
INSULAHE614;A1TA;degrade;FTF;total;;;Plantae;Fabaceae;Vigna;vexillata;Vigna vexillata;;;HE_029
INSULAHE615;A1ME;degrade;FTF;total;;;Plantae;Fabaceae;Vigna;hosei;Vigna hosei;;;HE_030
INSULAHE616;A1TR;degrade;FTF;total;;;Plantae;Poaceae;Panicum;maximum;Panicum maximum;;;HE_032
INSULAHE617;A1TR;degrade;FTF;total;;;Plantae;Asteraceae;Bidens;alba;Bidens alba;;;HE_032
INSULAHE618;A1TR;degrade;FTF;total;;;Plantae;Asteraceae;Mikania;micrantha;Mikania micrantha;;;HE_032
INSULAHE619;A1TR;degrade;FTF;total;;;Plantae;Fabaceae;Vigna;vexillata;Vigna vexillata;;;HE_032
INSULAHE620;A1TR;degrade;FTF;total;;;Plantae;Convolvulaceae;Ipomoea;setifera;Ipomoea setifera;;;HE_032
INSULAHE621;A1TR;degrade;FTF;total;;;Plantae;Fabaceae;Vigna;hosei;Vigna hosei;;;HE_032
INSULAHE622;A1TR;degrade;FTF;total;;;Plantae;Fabaceae;Mimosa;pigra;Mimosa pigra;;;HE_032
INSULAHE623;A1TR;degrade;FTF;total;;;Plantae;Cecropiaceae;Cecropia;schreberiana;Cecropia schreberiana;;;HE_032
INSULAHE624;A1TR;degrade;FTF;total;;;Plantae;Araceae;Alocasia;macrorrhiza;Alocasia macrorrhiza;;;HE_032
INSULAHE625;A1TR;degrade;FTF;total;;;Plantae;Fabaceae;Centrosema;pubescens;Centrosema pubescens;;;HE_032
INSULAHE626;A1SO;degrade;FTF;total;;;Plantae;Meliaceae;Swietenia;macrophylla;Swietenia macrophylla;;;HE_033
INSULAHE627;A1SO;degrade;FTF;total;;;Plantae;Fabaceae;Mimosa;pigra;Mimosa pigra;;;HE_033
INSULAHE628;A1SO;degrade;FTF;total;;;Plantae;Iridaceae;Trimezia;martinicensis;Trimezia martinicensis;;;HE_033
INSULAHE629;A1SO;degrade;FTF;total;;;Plantae;Cyperaceae;Scleria;pterota;Scleria pterota;;;HE_033
INSULAHE630;A1SO;degrade;FTF;total;;;Plantae;Poaceae;Homolepis;aturensis;Homolepis aturensis;;;HE_033
INSULAHE631;A1SO;degrade;FTF;total;;;Plantae;Poaceae;Paspalum;dilatatum;Paspalum dilatatum;;;HE_033
INSULAHE632;A1SO;degrade;FTF;total;;;Plantae;Asteraceae;Sphagneticola;trilobata;Sphagneticola trilobata;;;HE_033
INSULAHE633;A1SO;degrade;FTF;total;;;Plantae;Convolvulaceae;Ipomoea;setifera;Ipomoea setifera;;;HE_033
INSULAHE634;A1SO;degrade;FTF;total;;;Plantae;Melastomataceae;Clidemia;hirta;Clidemia hirta;;;HE_033
INSULAHE635;A1SO;degrade;FTF;total;;;Plantae;Apiaceae;Centella;erecta;Centella erecta;;;HE_033
INSULAHE636;A1SO;degrade;FTF;total;;;Plantae;Fabaceae;Desmodium;adscendens;Desmodium adscendens;;;HE_033
INSULAHE637;A1SO;degrade;FTF;total;;;Plantae;Lamiaceae;Hyptis;atrorubens;Hyptis atrorubens;;;HE_033
INSULAHE638;A1SO;degrade;FTF;total;;;Plantae;Fabaceae;Mimosa;pudica;Mimosa pudica;;;HE_033
INSULAHE639;A1SO;degrade;FTF;total;;;Plantae;Fabaceae;Desmodium;adscendens;Desmodium adscendens;;;HE_033
INSULAHE640;A1SO;degrade;FTF;total;;;Plantae;Fabaceae;Desmodium;tortuosum;Desmodium tortuosum;;;HE_033
INSULAHE641;A1SO;degrade;FTF;total;;;Plantae;Fabaceae;Vigna;vexillata;Vigna vexillata;;;HE_033
INSULAHE642;A1SO;degrade;FTF;total;;;Plantae;Poaceae;Paspalum;laxum;Paspalum laxum;;;HE_033
INSULAHE643;A1SO;degrade;FTF;total;;;Plantae;Fabaceae;Centrosema;pubescens;Centrosema pubescens;;;HE_033
INSULAHE644;A1SO;degrade;FTF;total;;;Plantae;Poaceae;Paspalum;melanospermum;Paspalum melanospermum;;;HE_033
INSULAHE645;A1SO;degrade;FTF;total;;;Plantae;Melastomataceae;Pterolepis;glomerata;Pterolepis glomerata;;;HE_033
INSULAHE646;A1CH;degrade;FTF;total;;;Plantae;Fabaceae;Gliricidia;sepium ;Gliricidia sepium ;;;HE_034
INSULAHE647;A1CH;degrade;FTF;total;;;Plantae;Cecropiaceae;Cecropia;schreberiana;Cecropia schreberiana;;;HE_034
INSULAHE648;A1CH;degrade;FTF;total;;;Plantae;Meliaceae;Swietenia;macrophylla;Swietenia macrophylla;;;HE_034
INSULAHE649;A1CH;degrade;FTF;total;;;Plantae;Poaceae;Homolepis;aturensis;Homolepis aturensis;;;HE_034
INSULAHE650;A1CH;degrade;FTF;total;;;Plantae;Rubiaceae;Spermacoce;latifolia;Spermacoce latifolia;;;HE_034
INSULAHE651;A1CH;degrade;FTF;total;;;Plantae;Melastomataceae;Clidemia;hirta;Clidemia hirta;;;HE_034
INSULAHE652;A1CH;degrade;FTF;total;;;Plantae;Convolvulaceae;Ipomoea;setifera;Ipomoea setifera;;;HE_034
INSULAHE653;A1CH;degrade;FTF;total;;;Plantae;Asteraceae;Mikania;micrantha;Mikania micrantha;;;HE_034
INSULAHE654;A1CH;degrade;FTF;total;;;Plantae;Passifloraceae;Passiflora ;edulis;Passiflora  edulis;;;HE_034
INSULAHE655;A1CH;degrade;FTF;total;;;Plantae;Cyperaceae;Scleria;pterota;Scleria pterota;;;HE_034
INSULAHE656;A1CH;degrade;FTF;total;;;Plantae;Lamiaceae;Hyptis;atrorubens;Hyptis atrorubens;;;HE_034
INSULAHE657;A1CH;degrade;FTF;total;;;Plantae;Nephrolepidaceae;Nephrolepis;rivularis;Nephrolepis rivularis;;;HE_034
INSULAHE658;A1CH;degrade;FTF;total;;;Plantae;Fabaceae;Vigna;hosei;Vigna hosei;;;HE_034
INSULAHE659;A1CH;degrade;FTF;total;;;Plantae;Fabaceae;Centrosema;pubescens;Centrosema pubescens;;;HE_034
INSULAHE660;C1SF;degrade;M;total;;;Plantae;Nymphaeaceae;Nymphaea;ampla;Nymphaea ampla;;;HE_035
INSULAHE661;C1SF;degrade;M;total;;;Plantae;Cyperaceae;Eleocharis;mutata;Eleocharis mutata;;;HE_035
INSULAHE662;C1SF;degrade;M;total;;;Plantae;Poaceae;Stenotaphrum;secundatum;Stenotaphrum secundatum;;;HE_035
